y,c,i,k,a_0
1.147864018004827,0.7049466950404838,0.442859982411441,9.005038324100182,0.9878263406327795
1.1573897630060226,0.708932780340868,0.44845207563080824,9.003240383914962,0.9960104087641727
1.1528169244498314,0.7067969878238445,0.44599832120656685,8.999082324230997,0.9920438941167846
1.1591145213614618,0.7094681915729576,0.44964533122395517,8.998774537923051,0.9974608927742186
1.1659444714749962,0.7125306431059353,0.4534080920045375,9.002239711634811,1.003364687549905
1.172014390505684,0.7154014835755518,0.45658135278424916,9.008704117415473,1.0086376398501156
1.164462286915233,0.7122687609045463,0.4521915347674027,9.01045986302979,1.0021516180939345
1.1638314980991955,0.7120562755464689,0.4517741691815708,9.011710814231083,1.0016182450942979
1.1658594457316,0.7130204755185824,0.45283453617753494,9.013959817949063,1.0033806321653
1.1648817458143526,0.7126719694288547,0.45220746364177383,9.015469612357032,1.0025506507159994
1.1606821759390218,0.7108411112678011,0.4498406115577857,9.01453653643833,0.9989292501534046
1.1683100317514388,0.7142389328926748,0.454059842293987,9.017870812962633,1.005519470616548
1.1667557439277296,0.7136754344441302,0.4530743997419124,9.020053230175392,1.0041983431396768
1.165175517980414,0.713052751013005,0.4521205099075262,9.021172190960469,1.0028467731133184
1.1704974771622556,0.7154946056542422,0.45498392030462326,9.025102190693033,1.007457247178502
1.153481770348011,0.7079820615574828,0.4454766098034039,9.019318086814087,0.9927682325961619
1.1616116911902217,0.7114167055503413,0.45019502948266177,9.018546806092354,0.999759582607196
1.160784697393762,0.7110124662284734,0.4497717946141345,9.017390690852366,0.9990390738559788
1.1696305289560058,0.7149498362787992,0.45466477288621765,9.021188713347511,1.0066812512416496
1.160326425007595,0.7109132037208903,0.44941228465666594,9.019540377258611,0.9986609081241624
1.1582562105793535,0.7099123620283498,0.44833943001135973,9.016901332081815,0.9968592173571449
1.149545594519246,0.7058717490899816,0.4436281560496534,9.009684086300108,0.989308300742288
1.1563244934883028,0.708640869575166,0.4476750703534237,9.006876393202809,0.9951211029882815
1.157612203543212,0.7091077171209814,0.44849987005889097,9.005033945050963,0.9962153800521416
1.1551842969711033,0.7079378940877501,0.44723473428742805,9.002020259314747,0.9941032619058798
1.1656028001719758,0.7125094392038289,0.4530887114737177,9.005005197082625,1.00309169163263
1.1765490534257752,0.7175517264541966,0.45893365647207474,9.013685418660314,1.0125783892934548
1.1637971596550878,0.7121722634306998,0.45162403061802076,9.014625320121214,1.0016108024742596
1.1743005262072725,0.7169366869937428,0.45732086446695497,9.021218660717212,1.0107008680873193
1.151885134770981,0.7071035455351669,0.44475033244197676,9.014904583186496,0.9913609296134406
1.1536575157715232,0.7076487200903145,0.4459886135452113,9.010148132525048,0.9928505444741016
1.1759755152280738,0.7175054736278509,0.45841295238330976,9.018054825271978,1.0121182670176194
1.1535751642585919,0.7077390572061607,0.4458148702088268,9.012965509454117,0.9928008605929914
1.1678355068813437,0.7139611857213958,0.4538644666297641,9.016182328027394,1.0050982169631815
1.181603179138888,0.7202801909994894,0.4612147756836816,9.026597917045217,1.0170275256836
1.1879789042107702,0.723569908623821,0.4642262455031377,9.039523760484375,1.0226151181988967
1.1909536199234934,0.7254384242874049,0.4652976617050469,9.052896572649185,1.025279222271432
1.1848855982595627,0.7232669190979816,0.4614947053544802,9.061794638308337,1.0201237399128715
1.192917583349372,0.727241251223747,0.4654467041763642,9.074233959072389,1.0271350357937061
1.1876965096227237,0.7254098593225914,0.4621435515771337,9.082737741104186,1.0227049408957298
1.1741453355323612,0.7196554487602927,0.4544750093985182,9.083092089939079,1.0110389516670772
1.16165141087157,0.7140246783290908,0.44763197992295894,9.07653470888011,1.000231306701283
1.1642265547658621,0.7149231930566048,0.44931039171951187,9.07199885765311,1.002414409009953
1.1822492558917819,0.7228673695665316,0.45929958050121267,9.07774747971028,1.0179762126626413
1.1966819019923711,0.7295914461468234,0.4668125286291061,9.090786830769005,1.0305044197744504
1.2115493959662516,0.7367984932003802,0.4741675794567683,9.110623397806457,1.0434625887203262
1.2096474223424254,0.7367746475671696,0.47236507130378774,9.127682563859501,1.0419575434837862
1.2067709513464062,0.7361944786078392,0.4701590822696364,9.141680553326179,1.0395885753688445
1.1931263160575827,0.7306349223860861,0.4623384349242015,9.147057949308731,1.0278754885670713
1.2194097431334772,0.7426743411701209,0.47603172036470165,9.16608498088152,1.050667629250394
1.2157308397125144,0.7418188803082133,0.4733406924278577,9.181455529956029,1.047617631130227
1.2169306915016844,0.7429995461825353,0.4733556980779463,9.196096735581456,1.0487656369002973
1.212954273209861,0.741820943162498,0.47068196071115276,9.207295669193524,1.04542556472038
1.2119653048901342,0.7418411633485685,0.46971481066601656,9.216958178749708,1.0446479865260372
1.2383630411223203,0.7541096954224268,0.4830840570010737,9.239842803655396,1.0675821064193922
1.233738088010802,0.7529978638351428,0.4797858837474891,9.25824721745785,1.06373946284055
1.2166087588450412,0.7460528389017999,0.47013123221990044,9.265834358084726,1.049029070682905
1.2114977956979358,0.7440586664150505,0.4671434709504653,9.269974381591641,1.0446539642857633
1.189522730621275,0.7342686817237192,0.4552948921078621,9.261725305922178,1.0256429040133355
1.1969298862232933,0.7372931566629919,0.4595840130754175,9.258300380132237,1.032003523004283
1.1997794915050208,0.7384440346081448,0.4612375920599339,9.256746050771692,1.0344486211970378
1.1965334531764957,0.7369089710051241,0.4595698429798182,9.253557224800462,1.0316256255185632
1.20910424146662,0.7424683358775029,0.466367496077847,9.25750843061599,1.0424942718374988
1.215835582820937,0.7456730924405088,0.4697547130390624,9.26474488216897,1.0483539791366079
1.2057776425816245,0.7414259397992601,0.4641655896960205,9.265876914187826,1.0396901939302363
1.188113411156532,0.7334609140616521,0.4547003655681215,9.257225463748139,1.0243937606000384
1.1848049852036842,0.7316043079127358,0.45326309981392326,9.247539253488084,1.0214682256592835
1.166662574218438,0.7229502864057086,0.4437971716176848,9.228649037471154,1.005686525879444
1.187576882097033,0.731696233032841,0.4558889632413817,9.223104698243684,1.0236730818446744
1.1907716566545579,0.7329175234116061,0.4578243192981909,9.21982025561637,1.0264019718691029
1.1928590306007338,0.7337282813618399,0.45907296146617355,9.21797809554028,1.0281871867388666
1.1704842385769276,0.7234971219105855,0.4470593299524498,9.20395179792441,1.00879631700094
1.1980682704219558,0.7354319860196912,0.4624864223883237,9.206391538352612,1.0325886386362797
1.1923957057318182,0.7329672584159223,0.45935970176312757,9.205515764765886,1.0276929060739415
1.208595762836043,0.7402485072053745,0.46800857798973383,9.213521093173265,1.041717100896762
1.2062694537506655,0.739530836468,0.4664598544815414,9.219548219619492,1.0397584164488072
1.209316939999341,0.7411556672976888,0.4678305579434675,9.226680763808076,1.042440264998975
1.2019822028620424,0.7381382267213863,0.4636635077589367,9.229193713228977,1.0361369283288462
1.2090306011960654,0.7414262264267909,0.46729579080832157,9.235302847483378,1.0422598939773295
1.2100015615861566,0.742117733567864,0.46756545909297437,9.241386773719547,1.0431438175218826
1.2087676032530146,0.7418124562499011,0.4666725684449124,9.24625415338833,1.0421174794673265
1.1998974135027594,0.7380017233738851,0.46177797014864197,9.24585801816833,1.0344671776416645
1.17299138100738,0.7257671565417162,0.44731723870431533,9.23065956402264,1.0111571205561252
1.1819861468844437,0.7292408745222154,0.45279692641320474,9.22184924765717,1.018844485582496
1.175241021499746,0.7258175625366036,0.4494941531475347,9.210111544807242,1.0129422708051679
1.1682076473402028,0.7221429039869375,0.4461297904826179,9.195541353084536,1.0067713753302139
1.1667491340204903,0.7208901956445553,0.4459131659998729,9.181500339818108,1.005409529124311
1.157596537368765,0.7161583135047037,0.4414466725319407,9.163638873765223,0.9973899718972218
1.1609146744593923,0.7169484809444989,0.44398812434508106,9.149282235893788,1.0001418361327055
1.163055779569413,0.717341304794093,0.44573952673457967,9.137439711373467,1.0018978338959648
1.1690054327412498,0.7195599796270463,0.4494717312148143,9.129983452364106,1.0069669596717181
1.1785980419241155,0.72359714848713,0.4549877922052341,9.128490789651739,1.0152185841041232
1.1715853819835065,0.720364521102937,0.4512384024407432,9.12327685427048,1.009138672364944
1.1835999319741721,0.7255814501137263,0.45796064660529906,9.125129850652366,1.019501473481369
1.181909042464117,0.7248941725447503,0.45697358158851037,9.125891042295109,1.0180508119000597
1.1814883383198895,0.7247353969095598,0.4567157266343401,9.126353126197692,1.0176919512465927
1.1909854930132626,0.7290383926618068,0.46180767684214435,9.13194992760711,1.0259153971832313
1.1919403083203364,0.7296992921981796,0.462094306661112,9.137560660455508,1.0267809275598945
1.191894772914307,0.7299099618412254,0.4618445882402189,9.14264073067011,1.026780659181275
1.1941348139321541,0.7311290964650684,0.46283922420012436,9.148478965113533,1.028755216375304
1.1911423014979312,0.7300201967985905,0.46100337902970195,9.152164321644767,1.0262053612951332
1.207013145047045,0.7373211395627565,0.4693045236408915,9.164103385874123,1.0399711244801684
1.1925217802294714,0.7312857906667736,0.4611161878763471,9.167127606712974,1.0275084051287096
1.199108166305092,0.7343818254629972,0.4645109517883521,9.17345616092953,1.0332320857689545
1.202815198728371,0.736314463082161,0.4662281050713178,9.181221406006285,1.036486181377352
1.1945696143467168,0.732915115840572,0.461526762221503,9.183812687779772,1.0294006525800892
1.186059945874201,0.729174212328846,0.456859779692519,9.181519511662449,1.0220501622175822
1.18008931517282,0.7263767236997939,0.45372995447632836,9.176154424546864,1.0168645819682622
1.212752283021611,0.7408999739047469,0.4713720765590648,9.189029954993323,1.0451097857376077
1.2104398666801872,0.7403950038372545,0.4696393904967491,9.199509695042993,1.0431981900612053
1.1878954866708513,0.7306480141395051,0.45722037967401935,9.196795261957762,1.0237480533500727
1.1814785152483347,0.7276296817511517,0.4538710905689844,9.190801226697412,1.018172484152163
1.2006494394410825,0.7360550316032844,0.46438471858971153,9.19583137683329,1.0347322180002074
1.212179813928877,0.7414612090876058,0.47028485312608836,9.206637614831623,1.0447529732958463
1.224165737904783,0.7473037384398998,0.47613468923454605,9.222899553138392,1.0552105128813454
1.221457762735917,0.746765856404983,0.47407366593226075,9.236262637302502,1.0529803534873994
1.2183241262613438,0.7459118634449358,0.4719027884865088,9.24674800877013,1.0503602954111901
1.204056294695223,0.7399042466062822,0.46396700125600504,9.248573179111691,1.0380734796479112
1.189772370008978,0.7335071885152511,0.45627677402491057,9.242417922888643,1.0257120192899651
1.2126864761138576,0.7436248986310527,0.4686977610842599,9.24931235858663,1.0455196685259711
1.188235404927009,0.7328397424382257,0.45542232521545756,9.242243433686031,1.0243856694886433
1.1861838546032788,0.7316195467946465,0.4545997586773178,9.23469010453512,1.0225599397636667
1.1816732774821808,0.7292629526094019,0.4524677874735999,9.225337658566994,1.01860109782016
1.1603811479472055,0.719190710586574,0.441232908043658,9.20498003274179,1.0000964700842074
1.1633539035690763,0.7197260618234618,0.44367657329881255,9.188172772482076,1.0025335124557788
1.1919482595191475,0.7320165208740902,0.4598468343064488,9.18870535259635,1.0271790896292423
1.2059565368008425,0.7383618164503162,0.4672836821862035,9.196796860602689,1.039313378570572
1.1957513853438566,0.7340902685120897,0.46153610348871155,9.198622452310588,1.0305323727074411
1.2191745400952863,0.7447249526644389,0.4738463014761514,9.212932038122455,1.0508306112303984
1.2133636794943665,0.742705546222256,0.47022637940939976,9.222841741491486,1.0458988705704513
1.2010622616124513,0.7375639832954956,0.46332745159740935,9.225201629075872,1.035313339213203
1.1803435644680433,0.7282725306200678,0.45212622592469254,9.215983236812637,1.017384424169045
1.1846109713597563,0.7298334344102148,0.4547966294760551,9.209962708455489,1.0210171204394418
1.1746903852463362,0.7250847086351971,0.4496681797482067,9.199010961967305,1.012384325862115
1.1780316357044434,0.7261566079209609,0.4519177303015539,9.1909125818384,1.0152028780094298
1.190715648996505,0.7315716803319441,0.4590770156563438,9.190523272106532,1.0261307265693596
1.183278623038421,0.7281893564078737,0.45509317974962166,9.186092118264776,1.0196881020453896
1.1863111849405477,0.7293812643479398,0.4569039356514777,9.18372940967695,1.02228345448703
1.1999398259250593,0.7354427359032238,0.46428972924316414,9.189012497564123,1.0340683000751236
1.2003904743695175,0.7358642846565925,0.46431843113531857,9.194063525112192,1.0344954613569755
1.1896408544667132,0.7312147709601262,0.45837482493094306,9.192800274506606,1.0252218314293706
1.195748376310342,0.7339243600078371,0.46169395564516863,9.194985941897945,1.030501962757045
1.1968958010469857,0.7345327889062668,0.4622189756110291,9.19759857569378,1.0315108241425723
1.1869812355593823,0.7301557694380867,0.45680513125126043,9.19455659330821,1.0229431359727192
1.2132807955962006,0.7419038491885219,0.47091521791684443,9.20606900174047,1.045697477875279
1.2274085217849589,0.7487366342410592,0.4778460160117286,9.2241096960997,1.0580152148552662
1.2330563565318402,0.7520302506133869,0.4800582673498267,9.243549708816099,1.0630363668440317
1.231001387310803,0.7519234553391605,0.4782212188514291,9.260168010510323,1.061394887085192
1.2492518696368973,0.7608183649302092,0.4869564060634446,9.284977675737053,1.0773275885835492
1.2324935981773875,0.7543320941760359,0.4773539924081483,9.298696147312581,1.0629827505032956
1.2287714030284747,0.753227746793847,0.47488167107747004,9.309193497432322,1.0598541160185313
1.2089419966750814,0.7446937921782009,0.46408272296502273,9.30801762012496,1.042741635144748
1.2021837808740783,0.7415786708778209,0.4605507015762427,9.303254118864768,1.0368762768847564
1.1993534194008795,0.7400975945623216,0.4592338852028864,9.297372559937594,1.0343904499451926
1.1955697127109803,0.7381373023030027,0.4574489286714406,9.289948499218415,1.0310709379020186
1.191838135424605,0.7361372887822429,0.4557465540128468,9.281147908785162,1.027786289045443
1.1845222212325417,0.7324500885547627,0.4521639258378209,9.269109831723691,1.0213868815699134
1.1688024237656314,0.724796606142291,0.44411215712218627,9.249421284418162,1.0076857696647725
1.1533127630471065,0.7169265440115393,0.4363762330924556,9.222836313907385,0.9941359611789965
1.1368033207691308,0.7083051341179585,0.4282286801627277,9.189340484744996,0.9796617432583445
1.1343360095182917,0.7058473282429256,0.4281765613912804,9.15757917738535,0.9773044711711437
1.143482869190256,0.7087659821717333,0.43457330749611206,9.133988069260718,0.9850116232425568
1.12864471647595,0.7010506514170654,0.42718232498377323,9.104163855852699,0.9720127966410685
1.1349807641940564,0.7027592429290468,0.4319555906627886,9.080729017713729,0.9772975668756002
1.1342823760072067,0.7015077416126335,0.432508234284602,9.059077261409564,0.9765370519723138
1.1289796497948266,0.698231849045909,0.430392869667865,9.03643475602613,0.9718057427224033
1.1452573789239502,0.7047185109435374,0.44044865305548436,9.02504060528008,0.9857324183055569
1.1225222263078434,0.6939411532359792,0.4281123260807303,9.001899647999416,0.9659947672211134
1.1343399218347763,0.6983863432423439,0.43573921705829083,8.987573013065518,0.9760584372861891
1.148794573997116,0.7043477374261284,0.44440618237187024,8.982617603926048,0.9884589264801817
1.1477166074000205,0.7036609617024194,0.4440092612097318,8.977517120662808,0.9874931209100681
1.1370583891657535,0.6986400320477479,0.43826216756837244,8.966954670790102,0.9782441910948653
1.1322273098192144,0.6960309443082792,0.4359761908213785,8.954660339846876,0.9739966437825561
1.1255331043027075,0.6925089755776556,0.43269428561623086,8.939740450556418,0.9681277502375792
1.1092613680345,0.6845359362536839,0.4240104918544439,8.916993971658108,0.9539656833191137
1.113448851627597,0.6855359041704568,0.42735027762879557,8.898735328513185,0.9574329437049969
1.1247778946375797,0.689933969521407,0.43456419540963837,8.888535845084599,0.9670988504479979
1.1231804113893014,0.6888049570747878,0.434077687610973,8.878377900397698,0.965649932067781
1.130983073204266,0.6919160522171023,0.43891624413261937,8.873501092191624,0.972321769275247
1.1240126469576244,0.6885791468217239,0.43517154813521536,8.865186482205628,0.9662673582814484
1.1184599979173995,0.6857418197244728,0.4323543129885694,8.854526629587449,0.961415005806387
1.1260877400206752,0.688753880081877,0.4371342095212744,8.849103470728492,0.967931239506958
1.112901477980519,0.6825918387637162,0.4298402163103342,8.836800106529388,0.9565061057350608
1.1086642111534808,0.6801894476064145,0.4279156393830885,8.823243458092872,0.9527644371314502
1.1064905131107385,0.6786698568068009,0.4272261206158341,8.809709900103531,0.950796764168013
1.0894978876649546,0.6704507825971892,0.4179103240371812,8.787784351811377,0.936035919268362
1.0843265438380318,0.6672485648512967,0.4157874585061457,8.764940902195065,0.9314274734657909
1.0697395644463865,0.6597427581290031,0.40809695571114024,8.735837286344646,0.91868876706524
1.0700840302943206,0.6587681139160069,0.4095226394398461,8.709655986291668,0.9187963129534551
1.0933985925438219,0.6682685133738014,0.4243819766749289,8.699186877405829,0.9387376002889092
1.1059832625918968,0.6735041074575945,0.4321281595805268,8.696724182842495,0.9495238185537035
1.101337546847358,0.6713223144652777,0.4295450842817831,8.691893812777561,0.9454994547740461
1.0907291653303695,0.6663651198463278,0.4235705908270409,8.681550636877875,0.9363160381089267
1.0960738153164435,0.6683566727748647,0.42712760118453136,8.675159095223076,0.940856748046407
1.113205377143966,0.6757741749193538,0.437297586283659,8.678879139892903,0.9555902442941667
1.1152304074128252,0.6768285383243798,0.4383004239296032,8.683380788221278,0.9573624467298402
1.1069856289503204,0.673321547592163,0.4333735957655568,8.682911732178932,0.9502812648001974
1.0972103750647104,0.6689208640052815,0.42773164823837423,8.677032701812971,0.9418462420461116
1.1157373056364872,0.6769806910465166,0.43866854923625437,8.681980358075435,0.9577870444323799
1.1200887227005063,0.6791229230912972,0.44094406999695346,8.688876701571274,0.9615745692549045
1.124036902829185,0.681163191871459,0.4428988384253605,8.697319438409721,0.9650279846874341
1.1198121948801032,0.6796179562627962,0.4401388744714985,8.702682235937568,0.9614413704292551
1.1101599478427904,0.6755154612967752,0.43438683895313823,8.702224369651914,0.9531507809236082
1.1114425262555172,0.6760715336595139,0.43514317687742127,8.702519686833375,0.9542541757805968
1.1231509507809325,0.6813190241641633,0.4418199410029544,8.709249738269751,0.9643575993607023
1.117498305502956,0.6790638303711383,0.4383156436141115,8.712260011770162,0.959526772761935
1.1310041669032365,0.6852178954157024,0.445857273151521,8.722416315318794,0.9712006624748485
1.1309028601569668,0.6855845541953955,0.44537267675261644,8.731606280900065,0.9711834827867186
1.1408427512872388,0.6903901561889472,0.4505722898989226,8.745389592882885,0.9798250439445608
1.1245422523851374,0.683670762810829,0.44080740334509183,8.749019676826224,0.965852547901247
1.1248633525736003,0.6839608418963485,0.44083739670860217,8.752498779248903,0.9661545580039105
1.1345712949909668,0.688442363443766,0.4461768522107031,8.760993939754405,0.9745573304379535
1.1389003043906807,0.6907205916431464,0.44825187106378334,8.771091113591782,0.9783527258908329
1.139190497317315,0.6912606863120998,0.4479919276284974,8.780440962390726,0.9786731888767024
1.1325018022659834,0.6886488999955904,0.443842138000061,8.78528659106577,0.9729636066572831
1.128754783279929,0.6871663928854285,0.44152426252420957,8.787632160810658,0.969762111573534
1.132069344740447,0.6887460604866353,0.44329800457455454,8.791591066417142,0.9726397005207951
1.1416977618801474,0.6932144848598005,0.4485388505601563,8.800469560331061,0.9809797377690092
1.1349713038939246,0.690565035466097,0.4443966615896998,8.804864887294045,0.9752334120302262
1.1326019268720435,0.6896810894042776,0.4428795176417368,8.807559763592218,0.9732178363293185
1.14831235902225,0.6968206380322545,0.45156065844138626,8.818610653118961,0.9868019024673651
1.1530428474138308,0.6993847896227954,0.4537248284801058,8.831242156668143,0.9909638704108941
1.1371095710920733,0.6927686030758398,0.4443175597353797,8.83403336768845,0.9772913585263457
1.1255599377098773,0.6876938840437569,0.43768501377031227,8.830185295802645,0.9673362286428284
1.1177588578766033,0.6840282730439836,0.4334053252025343,8.822340942742393,0.9605734916067257
1.1195063414155948,0.684501502468349,0.4347285373638989,8.816189511643215,0.9620294260440093
1.1315104231542326,0.689648786660977,0.4417925152378622,8.817257622641764,0.9723529783944937
1.1361047431441815,0.6917522541726234,0.44433463802147255,8.820760049342132,0.9763275338829605
1.126286648767696,0.6874873381642473,0.43864864044437524,8.81852346543877,0.9678734612959564
1.1292314685851792,0.6887200272393849,0.44040847420476575,8.818120885749158,0.9704010654012886
1.122167693149773,0.6855298142640487,0.43641972022117653,8.813836895825807,0.9642988460672692
1.1238696464315163,0.6861230596878177,0.43756538101199705,8.810888954913148,0.9657393107444221
1.1202209895560158,0.6843645115530586,0.43561240629468895,8.806180918273583,0.9625689040300893
1.138319891221501,0.6922958939046894,0.44603917297802675,8.811899048803124,0.9781640367057651
1.1494918658505378,0.6975246365035019,0.4520352870947346,8.823202726643201,0.98785061737245
1.1678153370565443,0.7061593487218403,0.4616599438789542,8.843393343373068,1.0037540580942714
1.1677639744616557,0.7069694353704631,0.4607933214682476,8.861765084252045,1.0038521186512335
1.177836054714029,0.7122150133430237,0.46551397707907877,8.88390550624712,1.0126829324753646
1.1644006813215235,0.7071349597767087,0.45727545038789247,8.896853896408741,1.0012309753967166
1.1585709426935842,0.7050564463264053,0.4535372494585293,8.905477900175326,0.9962840613849635
1.178622943880933,0.7143759352599247,0.46413510763579635,8.924165897368303,1.013672328124909
1.1847110151165117,0.7178662030117758,0.4666547830747959,8.944456032556785,1.0190663393555173
1.2039429591961945,0.7272778979333023,0.47610062129283576,8.97317375438028,1.0358359442071863
1.1955618274084687,0.7247446947450225,0.47046547062525257,8.994915271644516,1.0287950201832778
1.2111422456990149,0.7325993188111286,0.47784248785570105,9.023000836655303,1.0424239781322664
1.216086574523194,0.7359821683354526,0.47929936361450054,9.051226312025445,1.0469027267807527
1.2224457944179588,0.7400044424768406,0.4814828119953843,9.080321827732297,1.0526078336492588
1.1797734072972161,0.7220941185077764,0.45762499421938996,9.083971166365377,1.0158919114375402
1.1831630690765538,0.7237707769082841,0.45930895309381164,9.08913745676093,1.0188502620130122
1.2036948249466861,0.7332105163335251,0.47008236841090967,9.104925169671905,1.0366534613357077
1.2024644669688955,0.7333148293106754,0.4687928925794157,9.118644186625243,1.0357002920385492
1.1778441611629624,0.7227929708982593,0.45503527934048404,9.117767953785458,1.0144878061177816
1.1646561352117375,0.7167910646129,0.4478830661953276,9.109703641939639,1.0030682480643052
1.1606465878969647,0.7146474538383925,0.44600634184123494,9.100154044362332,0.9995434277908852
1.153910245628132,0.7112069278181768,0.4426755212458885,9.087732071566222,0.9936494607592329
1.1460656788428738,0.7071461496133392,0.43882233642318347,9.072067558076553,0.9867781655788657
1.1515982288515931,0.7090263550078576,0.44252928796935853,9.06093725808048,0.9914586738644953
1.16498825498736,0.7146332812017367,0.4503588497249108,9.058241728700652,1.0029663308982306
1.1470085696584829,0.7063891944437147,0.44053970573159756,9.045821245912752,0.9873946960836198
1.1392936738523491,0.7023912491638848,0.4367351465645335,9.030224849640893,0.9806378511874901
1.1529502112967827,0.7079490340979332,0.44497421191231784,9.023678407482867,0.9923434765774443
1.139986394050273,0.7018179143524171,0.4380222668848448,9.010510835013084,0.981087720403468
1.1407154984938506,0.7016196833426646,0.4389661134901574,8.998961785413334,0.9816292478258574
1.1333641553442222,0.6978265621043481,0.4353096385113814,8.98435823035516,0.9751950085832943
1.1250573055535678,0.6934766822607112,0.4312097197271213,8.96642706009645,0.9679154240800075
1.119431772177912,0.6902108459825583,0.4287428722268464,8.946976435397078,0.9629328713024251
1.1215472140507534,0.6903970678080537,0.4307446883983749,8.930520742813009,0.9646313341687538
1.130134406699049,0.6936255404066201,0.4362888060403272,8.920401452461883,0.971941863144662
1.1345978008902466,0.6952344435536398,0.4392207907145905,8.913698016275484,0.9757304110269831
1.1540294230029184,0.7037070309357115,0.45033623793760863,8.918326552516227,0.9924763714833573
1.152993266955405,0.7034301743424721,0.44957240859142455,8.921969725838364,0.9916129142548287
1.153390804285726,0.7037569338029295,0.4496426232907875,8.925501653182247,0.9919816116011144
1.1590244179326261,0.7064299260531212,0.4526076589778468,8.931796177797075,0.996874813826319
1.1440146218350042,0.6999382026597284,0.44402850330458205,8.929276405334313,0.9839459629323651
1.1454457879045667,0.7004807362281938,0.4449300601359098,8.927776285552333,0.9851655830466892
1.1284835854602477,0.6927697100147159,0.435468463291132,8.916985495090543,0.9704967430539317
1.1206771066998023,0.6888088465439826,0.4314810870013325,8.902806746687519,0.963678470882996
1.123292433199125,0.6894257293878167,0.4335528120039353,8.891401400209867,0.9658428837779135
1.1277317333477443,0.6909734083651841,0.43654080842947024,8.88352449976664,0.9696012705014541
1.123663448218505,0.6888226259933643,0.43455904091916,8.87409642796878,0.9660334108877038
1.1136353752645833,0.6839172950428476,0.42922633629258056,8.859905246317554,0.957307501430861
1.1141228148075117,0.6835731606743572,0.4300928114762729,8.847295166179,0.9576334007593821
1.145993810294662,0.6974018777965266,0.4486191489063033,8.853512403438021,0.9850750426421607
1.128675334889958,0.6898778297602954,0.43864133141691414,8.84962025189571,0.9701592800579941
1.1373965651619335,0.6936406317522305,0.44371599097177683,8.850906386682093,0.9776653618346142
1.1502036430094345,0.6994340979060667,0.45081003756909954,8.859098699188952,0.9887363109056265
1.1460334706159583,0.6978993814207348,0.44815212272718585,8.864273924700864,0.9851908296427682
1.142494350608744,0.696521955234778,0.44596358792118107,8.867039790935532,0.9821693326340085
1.1415509482262634,0.6962105353027639,0.4453218297060853,8.869036620329332,0.9813734019653052
1.1425040021115136,0.6967192781448291,0.4457719225014133,8.871377043164143,0.9822104188765773
1.1528052108953386,0.701433579311357,0.4514046828963867,8.879148505271848,0.9911256090249074
1.1590725342904062,0.7045568889867997,0.45454435169201757,8.889633918346211,0.9965942375528886
1.164381612002513,0.7073615641384768,0.45702851839731745,8.902059830977024,1.0012545611494539
1.1785353832556278,0.7141954456754833,0.46422851841511714,8.92100434502579,1.0135725044923842
1.1931307289485222,0.7214865145143675,0.4713052823622651,8.946060566150068,1.026321387531594
1.1952906418427283,0.7234935872698485,0.4714308417756952,8.970054120682276,1.028367342019987
1.1905184074386377,0.7223632751930519,0.46789460166038954,8.989379863324201,1.0244120479903918
1.1934948072359421,0.7244960270027514,0.46869893534858487,9.008581803495746,1.0271227721639453
1.1852875497128497,0.7216188755366103,0.4635114332488235,9.021667545458218,1.0201606811016182
1.1845055543286216,0.7218085501239416,0.4625576495579298,9.03316061894003,1.0195762371481065
1.171574212498539,0.7164696372763688,0.4550836370459756,9.036595759722037,1.0084716166268615
1.1678618726378864,0.7149378893146452,0.4529182999041172,9.037688779680424,1.0052843963190237
1.1676865861055914,0.714903489360339,0.45277811466240275,9.038586683920956,1.0051403281141742
1.1652228733540222,0.7138293736770976,0.45139344000429465,9.038051117243954,1.0030155159171548
1.145093549898507,0.704709303180325,0.4402917193109866,9.026417033452466,0.9856016699290658
1.156489279766752,0.7093937669319919,0.4470853231284338,9.022176622800313,0.9953782406841488
1.1566333591839,0.7092869089720393,0.4473372260631056,9.018402133380167,0.9954738118097071
1.159906621176848,0.7106106170927439,0.44929463647210477,9.016775888903515,0.9982787037169545
1.1448184804739485,0.7037287744359683,0.4410029584371895,9.006941142025608,0.9852196286537583
1.1656006618986285,0.7127093321414274,0.45288705406129903,9.009479936840368,1.003123870819448
1.1627884435196423,0.7115465278915537,0.4512417307199917,9.010247450116598,1.000709475906546
1.1587250764727164,0.7097464503264241,0.44897594813178376,9.008711612772547,0.9972008895169713
1.1561162477126048,0.7085074748842853,0.44759970214857897,9.005877518259542,0.9949343559327181
1.1413381532889273,0.7017154129046607,0.43950313751342673,8.995101672277203,0.9821362999130709
1.1294183536563196,0.6958832961918583,0.4332408380219374,8.9786358432199,0.9717576052652868
1.1358075070615226,0.6981190338449329,0.4375138454747349,8.967271631962493,0.9771703789742819
1.1387298645816297,0.6989841209308197,0.43961872868672563,8.958580927109951,0.9796197281721278
1.1349149446381548,0.6969109252063201,0.4378323731434072,8.948558763649444,0.9762632494356109
1.1252087722979345,0.6921187135808455,0.4327603790349393,8.934019027796415,0.9678064780276681
1.1220027680066538,0.6900874666607906,0.4315356007186819,8.91901604743672,0.9649382335236496
1.099685494452647,0.6793671238514292,0.41932759169500333,8.892733036826407,0.945554546729691
1.111853397562881,0.683851055925085,0.4274344673490402,8.875815977442626,0.9558927439213676
1.118101363501769,0.6860037900555808,0.43170999390977677,8.863978504128895,0.9611767299948996
1.1146133533245743,0.683956825392462,0.43020517632163247,8.851269559321635,0.958084412325802
1.1058983980809753,0.6795130329390667,0.425720997680723,8.834816228509494,0.9504725959342885
1.1150141391185715,0.6829760616138651,0.4316436107074558,8.825011189606586,0.9582345459635635
1.1067103789737482,0.6788392620946168,0.4272794537067748,8.811438802069423,0.9509984321166529
1.1091699836319466,0.6794099965782759,0.42926116590698893,8.800499184487915,0.9530311488924801
1.097155904971811,0.6735531899019493,0.4227651309924729,8.783785885701613,0.9425859764587751
1.0918538010798935,0.6704978205253987,0.42037027348391587,8.765608172898345,0.9378981988660512
1.1090952484367933,0.6775514994122182,0.4311312714119223,8.758825692423333,0.9526581941124416
1.1057599647497012,0.6757811417965014,0.4294927760590262,8.750796191195933,0.94973388487518
1.1127776549155821,0.6786146106701673,0.43386755622133377,8.747419911062233,0.95573617971451
1.1176315071581469,0.6806568983596395,0.43678739373894776,8.747046930255863,0.9599022347577382
1.1228035159383873,0.6829591933273957,0.43975016345430706,8.749568373306056,0.9643633017189434
1.1144450916153132,0.6793138556873985,0.43487481152711477,8.747231449492407,0.95716689052829
1.1244705293766626,0.6837129190816308,0.4406894340332117,8.750655619059955,0.9658032730571973
1.1321561365336463,0.6872885970437793,0.4448938696365709,8.757994431564818,0.9724600605400673
1.1493710308691398,0.6952668474017797,0.45421925171153754,8.77404564058968,0.987370124143436
1.1434383010759284,0.6932776207002443,0.4502441226044916,8.785445835054874,0.9823606706960135
1.1509295063701874,0.6970849612022366,0.45393609026040965,8.79989374851971,0.9889075024343618
1.1366916501811377,0.6913120935401258,0.44538748055839555,8.805285543012385,0.9767148191009601
1.1490816812357307,0.6970714175452234,0.45208290621839475,8.816958302810958,0.9874503875484282
1.1447830796348073,0.6956259874985504,0.4492045137817426,8.825242819119177,0.9838195064712453
1.1405131118380816,0.694051132857205,0.4464746104315485,8.830445249624567,0.980189355139869
1.1418959440018965,0.6948816812478993,0.44703188877860045,8.835936723915474,0.9814194508018642
1.1378810869479086,0.6933045917552627,0.44455554236706274,8.838727939653074,0.9779899087029222
1.1374724710453394,0.693234226292769,0.4442104069987285,8.841041847332551,0.9776561797741385
1.1459553007479102,0.6971303566831811,0.4488570891197869,8.847801051509194,0.9849985483854999
1.144506277954825,0.6967559212637552,0.44776907178847797,8.853158273729427,0.9837937010563709
1.1695939611973725,0.7081878032663013,0.4613879813103938,8.871646109703033,1.005501732118508
1.1824844802224095,0.7146937526647671,0.46761938860792523,8.89539340956559,1.0167692615424395
1.1579023497082321,0.704697233571189,0.4532290043060113,8.903784565653105,0.9956961957414278
1.1715497526813083,0.7111477424562389,0.46036259914758704,8.918819900250838,1.007547827791006
1.192840563896233,0.7212662381642029,0.47123986776260735,8.943914587489584,1.0260549855213632
1.180612567032877,0.7168540293863657,0.46363176033599557,8.960253008041814,1.0156632691628917
1.1699525245927291,0.7127541568076818,0.4571724417250129,8.969371664935998,1.00656248515222
1.168445836902371,0.712452001132118,0.45597670996365103,8.976851944870768,1.005323424210724
1.1433668818982656,0.7014645047584357,0.4418210360734012,8.969864705418942,0.9836933588548148
1.1452848863049807,0.7020485357814477,0.44317659222701045,8.964580065469697,0.9853038695266239
1.1569066850868905,0.7070709001706812,0.4498375532594581,8.966186592863245,0.9953144333988073
1.1665682867092304,0.7114787293157325,0.45508047323367373,8.972931261071464,1.003678059837976
1.1750039871563993,0.7155399136774526,0.4594038581211331,8.983651756886157,1.0110182740430225
1.1708915009589977,0.7141351485371759,0.4567277723081881,8.991178033957233,1.0075373305691144
1.163607222576465,0.7111690741815291,0.4524370488825024,8.994051027915111,1.0012911388355101
1.1585994267347,0.70903154882778,0.4495667709438684,8.993916507194728,0.9969808819004778
1.1248952440931461,0.693783521901242,0.43072767658032,8.975009025456242,0.9678392034660046
1.1188466116717055,0.6902857416611468,0.4280581518515202,8.954431111477737,0.9624842386569988
1.127713743897793,0.6934872372348712,0.4339391873332977,8.9407579096883,0.9700109643314835
1.1298019604483678,0.693885215949904,0.4356807101297832,8.92951296705607,0.9717236713097684
1.1212756851312706,0.689578790523054,0.431306898778518,8.914516214113123,0.9642797117741188
1.148838096044402,0.7014085361961088,0.44742462774269826,8.916223371177294,0.9879958728625043
1.1414898546429,0.6981720859112928,0.44325839432243036,8.913724093069074,0.981657629354818
1.159543207931057,0.7061815992426849,0.45337772127758,8.921361451380607,0.9972414418799549
1.156710263568456,0.7052225582405786,0.45150209382808565,8.926765089804432,0.9948461478804298
1.1639758901269048,0.7087020411518353,0.45527690990866576,8.935643288353715,1.0011629970388343
1.1771050054554897,0.7149443702350333,0.4620719257411227,8.950831496449373,1.0125730433160074
1.1680596036683932,0.7115188875974747,0.456524779593084,8.95976801140401,1.0048604300805857
1.1569975011388522,0.7069159679268198,0.45008463711452884,8.961859944436409,0.995359767278382
1.155457705038782,0.7063083215447625,0.44914890976715943,8.962917138134758,0.994043092141079
1.1592660614612884,0.7080643691079656,0.451206073807549,8.965967825183084,0.9973425999835795
1.1526553980172847,0.7052135746318549,0.447430795296114,8.965110857105001,0.9916488272274115
1.156242909659633,0.7067938216039144,0.44944948854763733,8.966304864132832,0.9947442672970062
1.1404217828783487,0.6997095775272324,0.44060599650303417,8.958644665445496,0.9810757180450552
1.1532315198407372,0.705175787725036,0.44804952748887494,8.958769379004167,0.9920965502409107
1.1664835425755684,0.7111370787736397,0.4553377092550495,8.96613536158009,1.0035532410308359
1.1794638662619166,0.7172578767259271,0.4621000696534773,8.979873771510778,1.0148265835713917
1.1922310466175574,0.7235362803825212,0.46841082527798017,8.999243805720713,1.0259625391890963
1.1800243743607153,0.718874055436932,0.46105116689820613,9.010323409500508,1.015543506134512
1.1646843726661193,0.712434796740116,0.45224732775630033,9.012054271510463,1.0023548550028674
1.1577991067545275,0.7094022420599383,0.4483920826428992,9.00984410002688,0.9964125486475699
1.1579515881747775,0.7093812719618984,0.4485661260603884,9.00791888635625,0.9965292375814883
1.153060504899586,0.7070963563740491,0.44594259129813835,9.00346911887563,0.9922865168906898
1.1466497783061917,0.7040208192040343,0.4425650359583319,8.995872038359195,0.986712790733547
1.1404689815401658,0.7009200226549948,0.4394246509362446,8.985529326590676,0.981317036486531
1.128895867479661,0.6952643895486671,0.43333608193314654,8.969653306892875,0.9712416885665524
1.12593590300992,0.6932893343522881,0.43230895637766725,8.953576638016846,0.9685764691305084
1.1505458242290496,0.7037610671667882,0.44676883377352766,8.95268237848406,0.9897401890707714
1.1641330030927657,0.7098330423870846,0.4542994940543108,8.959315746402599,1.001478995967434
1.1566793803520061,0.7067544791921984,0.44992762200162983,8.96127407327879,0.9950816483924815
1.1504803282072713,0.7040435459093043,0.44641723939303063,8.959644527558572,0.9897363679638517
1.1419541318597515,0.7001331749622652,0.44173572849245557,8.953444853569366,0.9823550227320264
1.1676550438663593,0.7114445771510822,0.45619656065953296,8.961926789591864,1.0045289150402446
1.1670193287022605,0.7115068138473742,0.45550156252783064,8.969300402120318,1.0040383809603664
1.1568635281522168,0.7072434766340887,0.4496206200325869,8.970455741034103,0.9953096477298365
1.1447392076738745,0.7018261340744508,0.44284821394549456,8.964814582250758,0.9848361736707731
1.1564198799052736,0.7068614066796322,0.44955930459715704,8.966132611878802,0.9948952143844694
1.135035151900166,0.6972682151530367,0.4375908626419569,8.955484709927854,0.9764182212945907
1.125845704976103,0.6926834426590671,0.4328377745683309,8.9406646346123,0.968403467732325
1.1453552999527588,0.7009006005384134,0.44441204339502216,8.938079205084925,0.9851653211046962
1.1465961509350346,0.7013548743531016,0.44520931691487475,8.936414219620124,0.986220083478917
1.1563203840170408,0.7056608696714721,0.45066843320944877,8.940246291569514,0.9946132830155455
1.1804490530413083,0.7166293012676944,0.46369384330211705,8.956823422121191,1.0154960611259418
1.1842240515143723,0.719002266603117,0.46505229688885485,8.97395265994816,1.0188764324192088
1.1858564221755385,0.7204412987262208,0.465230654326827,8.990433690093669,1.0204086890128943
1.1920456711475291,0.7238921195342929,0.4678804097218848,9.008766879414093,1.0258770830144537
1.1982709020504936,0.7274369921115619,0.47045792526056807,9.028799753300351,1.0313909128495735
1.2142545471411061,0.7354094547634432,0.4781013085831861,9.055548611634414,1.0453596433350083
1.202565104379679,0.7313061027794777,0.47084123256019134,9.073721343748975,1.0354378250581686
1.1973031074935863,0.7297032554477173,0.4673065457173745,9.087454559706076,1.031013557210047
1.1945731375059954,0.7290465478121818,0.4652946130781563,9.098489082663896,1.0287479638997625
1.176038739568976,0.7211537379024315,0.4548678689497008,9.098452383541705,1.0127861473375182
1.1849601089311907,0.7251753691978674,0.45969336724617166,9.103290153631013,1.0205061225621197
1.1632797548453593,0.7155806480946167,0.44771124251568545,9.095787943642687,1.0017782794858847
1.1936514436628975,0.728976959261098,0.46446564867412665,9.105577693880845,1.0280088679697872
1.2093641866122766,0.7364372039637671,0.4724188250964023,9.122934513594101,1.0416765710958285
1.2022826792624466,0.7339808759332729,0.4679714591241937,9.134945393395405,1.0356699853373703
1.1901225090271845,0.729003217314169,0.4609997532408344,9.139298096666689,1.0252283151513988
1.179062153875898,0.7241876605925989,0.45486501446435645,9.137213556242534,1.0156845809213384
1.1669666363172908,0.7186267778847957,0.4483665744916245,9.128649351239673,1.0052007375476575
1.1809682345798789,0.724613460960938,0.4563238006768933,9.128576664079759,1.0172608695145153
1.196780860057097,0.7317401267642556,0.4648168748722541,9.137113760545514,1.0309473135168836
1.1983067895646895,0.7327800225790955,0.465287308207356,9.145708754562888,1.032328058638183
1.197603922125958,0.7328188758442262,0.46456785752287094,9.153150805396447,1.0317798357751542
1.182700305607463,0.7263991674334687,0.45627597468185527,9.15180273616173,1.0189295766151847
1.1761337314158242,0.7233731008663092,0.4527760396339812,9.14696953371855,1.0132357486350034
1.1847229352886222,0.7270600836128258,0.45761452116094264,9.147289710895153,1.0206377613203057
1.1847809614929101,0.7270994240727991,0.45763294346644945,9.147612587406476,1.020690210262855
1.174973760269089,0.7226771333816143,0.4523141821737606,9.14252243286932,1.0122028335365358
1.1752608956024022,0.722599667082909,0.45267434894481545,9.13805457381219,1.0124164077536937
1.1609596493113223,0.7159358159533584,0.44503853607258637,9.126077084119744,1.0000072052164997
1.17292350831061,0.7208717721699168,0.4520640641829538,9.121820737956437,1.0102802517058682
1.1791945427859418,0.7235328598821129,0.4556389131550442,9.121396246834465,1.0156784874745919
1.183353467208993,0.7253930912249842,0.45790334228871393,9.123284894639593,1.0192751096557042
1.1920019621149185,0.7293698746333322,0.46247559136760796,9.129709847724964,1.0267737878144787
1.1651073299266137,0.7174796568322959,0.4476501321719682,9.120802308222922,1.003540253335223
1.1725337640859503,0.72048056137353,0.45206402642895005,9.116811927392638,1.0099066839950313
1.1673430698367666,0.7179692069276332,0.4493924918976505,9.110321845600625,1.00538704676169
1.179344449979702,0.7231299677344535,0.4561828087625624,9.111022268525696,1.015728698062323
1.1761620279513352,0.7217216097648856,0.4544297803616176,9.109915633140991,1.012979387931793
1.1616500332397952,0.7151108119419319,0.44654943392491764,9.100903608306972,1.0004132152461387
1.1604911883751363,0.7142209103332342,0.44627543127343494,9.09207402612292,0.9993489960878964
1.1517065793903414,0.7098815315829631,0.4417812037151544,9.079165416089003,0.9916880018920888
1.1553260805506087,0.711001958357898,0.44430536247338837,9.069458879285147,0.9947319681948565
1.1570751003739481,0.7114015748707755,0.4456633948689771,9.06161256356288,0.9961790078526933
1.1588173348482311,0.7118721055588749,0.4469413323821014,9.055448742689874,0.9976326352970014
1.1552212143948828,0.7099959948537682,0.445206989927881,9.047855743649293,0.9944797637420618
1.161211732636336,0.7123961540411375,0.44881627316146216,9.04426944592641,0.9996096870423988
1.158034946271086,0.7108155856409059,0.44721302566732984,9.039255685973107,0.9968372685489942
1.1667700313595883,0.7145542474402592,0.45221327814682044,9.039508859203655,1.0043583560385785
1.1754568838983266,0.7184770669116943,0.4569378576150802,9.044489320835662,1.0118740664127297
1.1819178011941687,0.7215870371770126,0.4602347363899963,9.05253410317133,1.0174976014677934
1.172452913544108,0.7176577256962294,0.45477624651156445,9.054697758060867,1.0093658702468804
1.1949916211275795,0.7278776322659591,0.466842971963047,9.068887381270931,1.0288794425990802
1.2084409512673269,0.7344921910496611,0.4734125636965303,9.089010836993092,1.040616666566507
1.2031871430590886,0.7329775886542581,0.4698181966919183,9.104537807845686,1.0362132228631709
1.2157781775572822,0.739266847481665,0.47583719703700994,9.12540515439821,1.0472205707024869
1.2393371216999907,0.7506713536624068,0.487248237708563,9.156859509061587,1.0677640506026143
1.2264187922207284,0.7462264942941683,0.4792973406347628,9.178740719375394,1.0568063013462665
1.2273633032947004,0.7475691915949365,0.47891314610314706,9.199184151025056,1.0577808272002818
1.2210248924457159,0.745580308536769,0.4747919561641031,9.214433239533358,1.052437172291043
1.2228101025839822,0.7470204734729478,0.4751169169771696,9.22927604586706,1.0540917096860676
1.2217492208188403,0.74716331171674,0.47397241065181545,9.242225144353236,1.053278011482157
1.2233179290225267,0.748410406801257,0.47427712263957106,9.254856505590647,1.0547287383258463
1.2160127187565306,0.7456428741386274,0.469952810721735,9.262427147808598,1.0484888062447606
1.2070328974824789,0.7418983090828706,0.4649215485188242,9.26445181619133,1.0407616180560455
1.2054986098895744,0.7412875379387266,0.46402946094360037,9.265458521567982,1.0394463918929437
1.2131629024728188,0.7447957620607115,0.4680350745463941,9.270534230351064,1.04609407029024
1.2070364727122802,0.742234769161325,0.46460247960518986,9.271826815458665,1.0408212382790794
1.2034834454295984,0.7406790528613323,0.4626695934879067,9.27106645453502,1.037751671517663
1.2079633977242368,0.7426763074877685,0.4650714215734064,9.272814955528252,1.0416280986831359
1.1969997255404656,0.7377800294942254,0.4591822552072081,9.268418175426861,1.0321406951443932
1.1901156728452909,0.7344744983512003,0.4556745908229693,9.260638350400853,1.02614593529726
1.183288439416704,0.7310538004297565,0.45231029780245674,9.249800166643842,1.0201777749936505
1.1826420164365548,0.7303185610705194,0.45239109628524476,9.239598472470956,1.019543650691167
1.1889434992373307,0.7327639716096036,0.4561880918152482,9.233806562038184,1.0249322204231852
1.1764690611409718,0.7268614040053231,0.4496854327432874,9.221651877071414,1.0140874047122728
1.1743749302112083,0.7254157625001519,0.449031420079995,9.209451440495492,1.0121908326674638
1.1677731207714377,0.7219184733282221,0.44591860973282216,9.194699799895293,1.0063906088610401
1.160994918426717,0.7182373749575013,0.44279084376709554,9.17752215073725,1.0004214163257679
1.165302323760709,0.7195037737997038,0.44584071982320633,9.164333733774379,1.004034506503503
1.1698172932907325,0.7210199044640272,0.4488367003221193,9.154864986379481,1.0078535165761997
1.1575568952796524,0.7150680106801995,0.4424906136350198,9.139441226188062,0.997175807673622
1.163236723710542,0.7170253606692074,0.44623363609748357,9.128603045416495,1.0019875215950218
1.1616141117566148,0.7158507219411264,0.44577791555518625,9.117857635203963,1.0005093898683406
1.1616060466036033,0.7154123426980462,0.44620557441764136,9.108093381016255,1.000429264708161
1.179271193348795,0.7230056705022359,0.4562329053432911,9.108955682280538,1.0156498762080737
1.1608964869605423,0.7147304527807571,0.44617388731337343,9.099613383543495,0.9997545847438699
1.1649923801997153,0.7162067853111883,0.4487985194202837,9.093394786940932,1.003235114372476
1.1845357151429754,0.7247762892130265,0.4596686952791874,9.098457908867895,1.0201036519468578
1.1934396409407348,0.7289920784084724,0.46424470192531453,9.107893591906638,1.02784430065456
1.18369644397521,0.7249937049250734,0.4586317995154159,9.111190619938808,1.019478206345212
1.2082001378228744,0.7361492631427585,0.4715780505567484,9.127425369501164,1.040708889890369
1.2001093890117385,0.7331900314314012,0.46663601097709195,9.137863193789661,1.0338204087131966
1.198171260145247,0.7327500074105137,0.46518502026286396,9.146317580735609,1.0322159921990866
1.1938417214183004,0.7311486001057749,0.4625350238846367,9.151665276102973,1.0285271650857724
1.1809603420640824,0.7255515875671711,0.4553957397080218,9.149498057794629,1.0174130561727945
1.1752486094792491,0.7228784074156239,0.45238787309443806,9.14438739018505,1.012453704680553
1.1661931674944213,0.71856691715475,0.44765543398645835,9.134737183187479,1.0045802057906212
1.1678967543629755,0.7189478593451709,0.44897458116877875,9.12691466898148,1.005988870558225
1.1781490097113911,0.7232687811341433,0.45486788213462664,9.125454488103465,1.014808750806948
1.1896072589759898,0.728380252581099,0.46110469199746534,9.130383513063533,1.0247161855892697
1.170728342274973,0.7200535550349896,0.45069522615167634,9.124523979990647,1.008409875410614
1.1716637109897055,0.720238498092566,0.45144053233167686,9.119715021633183,1.0091792386463674
1.1718527028561436,0.7201281916673387,0.4517368867899212,9.115448583038487,1.0093097795683557
1.1492922806975703,0.7097250015251735,0.4394997535797971,9.099034727566812,0.9897568401776646
1.147451728481086,0.7082294883935063,0.43913786741102234,9.083104226037706,0.9880535767909849
1.1589204387790997,0.7127890788273785,0.44612906199220587,9.075032810834472,0.9978685506144955
1.1627040909971045,0.7141738930476871,0.4485358161348096,9.069793255816927,1.0010869305443824
1.179469890236265,0.7215254940565318,0.4578863719705538,9.074227867989267,1.0155561535092876
1.169892561212391,0.7173887928675691,0.45250267467858446,9.073021478444856,1.0073006660607018
1.1581481401429097,0.7120313852793826,0.44611100566339706,9.065444284882323,0.9971316139936391
1.1581725401745797,0.7117356690946954,0.44643095945604894,9.058573384841335,0.9971010107055325
1.1546832441997172,0.7098788873792726,0.4447830965409245,9.050395968217694,0.9940356972982826
1.1764381748771682,0.7193649982665998,0.45702894128869653,9.054928970253556,1.0127985511190047
1.1822068046620158,0.7221464511525786,0.4599675946621111,9.06219169601591,1.0178204849219636
1.1846732510862203,0.7235543663541752,0.4610038160234659,9.070139433083664,1.020005010635944
1.188571465170837,0.7256342822509413,0.4627791947764582,9.079484574762791,1.023433321497447
1.1944569144209118,0.728664510556755,0.46555439505316637,9.091170273619042,1.0285913672235643
1.199723681704577,0.7315134154142895,0.4678909340500489,9.1046456576693,1.0332312435558064
1.1922855015994602,0.7287285215365723,0.46337768715686734,9.112901264521323,1.0268888351138241
1.1954607207306098,0.7304980437049398,0.46474287298423805,9.122132664188197,1.029694748736414
1.189682845555404,0.7282775528139809,0.4612788170416195,9.127402384189747,1.0247584501093223
1.1736094361740628,0.7212360950966236,0.4523839761140778,9.123403012751044,1.0108830346513338
1.1856349552083278,0.7265047802112726,0.45905213391977,9.126354895935592,1.021263712788202
1.1785205405619645,0.7234137913613513,0.4550916477199554,9.125149339706164,1.015126454764442
1.178158118273243,0.7232007415995361,0.4549437821788342,9.123854520306663,1.0148044491684525
1.1731606874171943,0.7208885095951103,0.45228248382388986,9.119931287080671,1.010470252535519
1.1700829947332798,0.7193362599577559,0.45076347462343014,9.114669473131004,1.0077796600354534
1.149861478913771,0.709952438161107,0.43984716888710435,9.098646621398249,0.9902441434760592
1.1747462207970998,0.7205766377194519,0.45415958469954854,9.097887046886067,1.011668759048004
1.1777499201606714,0.7219013887959844,0.455820254783431,9.098841876342966,1.0142627532488655
1.1820963688947086,0.7239008090365355,0.4581331328087802,9.102084543734986,1.018030620434292
1.179795845320046,0.7229963154132064,0.45675893613538154,9.103777976519185,1.016062295056135
1.1790831081257855,0.7227441034790327,0.45630494831488594,9.104928390279103,1.0154572316855799
1.1624162907926427,0.7152559858508407,0.44717124525474866,9.0967979335353,1.0010422802601482
1.1660727597621752,0.7165812849196298,0.44950373323973136,9.091433254074675,1.004150696619653
1.1377045903814533,0.7034924857174948,0.43399901084379794,9.070721970996855,0.9795692352546366
1.129238335634217,0.6988124577361777,0.43006784739225723,9.047142959760365,0.9721070038845823
1.1240350559575771,0.6955063555363661,0.4280746762809557,9.02280407332153,0.9674498221532706
1.1246823876143819,0.6948351266100712,0.4294304490768442,9.001096690254359,0.9678478162275012
1.1059220283232984,0.685432096911906,0.41957669658786234,8.970709969737973,0.9514838761515487
1.0963477674195141,0.6798720585640404,0.41526707188898465,8.937662896354112,0.9430090086592571
1.1079564039726675,0.683861043532342,0.4233443752989238,8.91436644085633,0.9528242435509168
1.1139477593563356,0.6856577846683665,0.4277443470809807,8.896633248154876,0.9578464966494311
1.1181337673098686,0.6868478027642281,0.43086906930613533,8.882898537297235,0.9613445061059962
1.104432442968113,0.6800998840249467,0.4235656923988177,8.862685570379472,0.9494167769792962
1.1054536890264752,0.6797636138730593,0.42499140356871695,8.84492489812503,0.9501645581929218
1.0874076908975139,0.6708826208444808,0.41522100126920436,8.818520269235147,0.9344628391967225
1.0926063353173003,0.6722048497636037,0.41936222947878665,8.797550276425515,0.9387777017527477
1.1067919213133317,0.6777857331279046,0.42846982758173996,8.786549440690587,0.9508848673996871
1.095393641517442,0.6722064004685946,0.42232099845489396,8.77012608846155,0.9409720072162729
1.102626887506913,0.6748196741820117,0.427208564053322,8.759301137691514,0.9471057001272469
1.0971010091835849,0.6719003387993742,0.4244546182669199,8.746356875286008,0.942264093301136
1.0901968522619623,0.6682751870496071,0.4209674312921565,8.730698858878046,0.9362198128174886
1.1088083223390743,0.6760296710966142,0.4324300633406611,8.726941706455307,0.952174660438059
1.122720762436413,0.6821120960383619,0.4405473200935863,8.731234023582308,0.964154150815943
1.1332480755091483,0.6869887825158771,0.4463243527892069,8.7409146346228,0.9732682684697491
1.1181445597976352,0.6806256895342175,0.4373532792473371,8.741415894183309,0.9603006643418395
1.099267586968685,0.6721678945595484,0.4264637926230099,8.731336344962433,0.9440141219150736
1.1210787279973038,0.6815545106695226,0.43942836262602997,8.734326481169841,0.9627673018046127
1.132567789328202,0.6868106040677473,0.4458111405641142,8.743357817775777,0.9727025751924132
1.1314524222061384,0.6866785461803636,0.4448030619876611,8.750967391421408,0.9718023566676046
1.1216730267199506,0.6826106730244975,0.4389427549532462,8.752509719051632,0.9634144426002951
1.1254932532260638,0.6843835285484506,0.44104843134188865,8.756020624122383,0.9667221340161932
1.1127942207559185,0.6788309791098184,0.4336580999417464,8.752177731914065,0.9557858861932846
1.1174636342470774,0.6807725324094978,0.43649202243529533,8.751279801042838,0.9597897520451849
1.1328007936840339,0.6876019564463517,0.4452310649597975,8.758915590750343,0.9730207717249559
1.1288740623717237,0.6861551410438559,0.44269458162796976,8.763709037879918,0.9696841168240821
1.1255698069392082,0.6848693326594244,0.44062272953847137,8.766249838913266,0.96686494918925
1.1344199816297733,0.6889323588483228,0.44551579360195465,8.773426088724976,0.974521689305418
1.1283103767033804,0.6864887321946715,0.44176850710404564,8.776599134688265,0.9692971695672319
1.122171401583057,0.6838647323726407,0.43815333851393184,8.776093669207855,0.9640195722786485
1.1338922266807467,0.6890951636132276,0.4448070384520485,8.78209448161878,0.974133991444226
1.1537867770255477,0.6982210739008945,0.4556587862176692,8.798386246025995,0.9913509465978918
1.1668998551133947,0.7047273019035091,0.4621926472634996,8.820283382479534,1.002788045561994
1.1460048617424934,0.6963078286517997,0.44974708324501966,8.828936067016846,0.9848976290381324
1.1664213203226086,0.7057751471017633,0.4606592145153006,8.847869922682284,1.0025905173641523
1.166682095534175,0.7066716507156997,0.4600160100478995,8.8652619969682,1.0029491082919613
1.1615711518391552,0.705105206741714,0.4564931070126498,8.878345112569248,0.9986559681274257
1.1633781915126833,0.7064496395873026,0.45694436356257345,8.89123711388396,1.0003086435270865
1.15958199447075,0.7052795723985499,0.45432573383185193,8.900915360886511,0.9971186067175823
1.1625227926705843,0.7069924166116476,0.45554341250222563,8.911323338513814,0.9997271365842473
1.1542865823262567,0.7037257496240891,0.45057621107108164,8.916306822532768,0.9926821821327999
1.1547062076387622,0.7041170688993569,0.4506031208904609,8.92107034956072,0.9930792664978663
1.1632635927562296,0.7081496465704076,0.45512027617398193,8.93007262107589,1.0005077392654762
1.167693325570096,0.7105032660025399,0.45717639840809376,8.940672624474182,1.004399030659642
1.1712725589089537,0.7125416512042729,0.45869480216898956,8.952262356937227,1.007566831883495
1.1729150923757896,0.7137538210292812,0.45911407800234555,8.963703499603222,1.0090677685339022
1.1600813803059074,0.7084629788032916,0.4516226680695518,8.967129594165161,0.9980528648024335
1.1457948383786747,0.7021681835705967,0.44357263140801145,8.962377034975297,0.985726049204429
1.1418253416813793,0.7001851583399269,0.44155186615866454,8.955856217387524,0.9822622890031246
1.14103085460562,0.6995638241086433,0.44137457906746247,8.949489792063423,0.9815311768840652
1.1328554351620586,0.6956153668113718,0.43704544336380696,8.939151096324403,0.9744216705899296
1.1259297764005907,0.6920696042854122,0.4335551541772326,8.925883105128358,0.968366392777785
1.128174783598347,0.692554397032339,0.4353715691939842,8.915093293966816,0.9702171169466661
1.131854509499857,0.693783591002045,0.43789391610171696,8.907347536195394,0.9733238818320259
1.136782829795973,0.695694149542939,0.44098615259647495,8.903049352308361,0.9775297188619052
1.1433797822085427,0.6984899527404089,0.4448568217052208,8.902790595227975,0.9832005464616831
1.1614041800283756,0.7065683282631061,0.4548516216995883,8.912422773590878,0.9987735819769491
1.1495282722206677,0.7016337094769013,0.44789415396507865,8.914698612820105,0.9885778796420784
1.144102573348331,0.699286416143455,0.4447805055658275,8.913781231352901,0.9839049438704576
1.1571716680601538,0.7051204291255063,0.4520685093974112,8.920119938357173,0.9951923924580601
1.1665744914465184,0.7095938229333566,0.4569735888090843,8.931005117953484,1.0033625517710403
1.1811388196846544,0.7165552232214898,0.46444612822498765,8.94877470980759,1.016027083975674
1.1929280765709391,0.7225536460352999,0.47005662195550885,8.971271463296754,1.0263442187312404
1.208915146707983,0.7306149160310241,0.4776332196588127,9.000258623881676,1.0403278832647282
1.1959827707423023,0.7260602690164587,0.46958450459693246,9.019824603088349,1.0293515544771188
1.1902652967343066,0.7243143112569759,0.4657289728855862,9.034586008680753,1.024545034512276
1.1669981224027863,0.7144666366167244,0.45252762031618776,9.035387608138183,1.0045234255450017
1.1615577387552243,0.712045810648529,0.4495123358743989,9.03312660837957,0.9998233944682376
1.1822671785886927,0.7212762513203859,0.460884579543929,9.04238153682851,1.0177204113603424
1.1617637814418793,0.7124230405241647,0.44934169298103105,9.039597897896147,1.000049636908627
1.1632446941408254,0.7129782137568766,0.4502678061549928,9.037882875877145,1.0013114409656905
1.1589957782650713,0.7109906095334881,0.44800157740072105,9.033982069816826,0.9976246085131518
1.1504965593057925,0.7069913038214453,0.44346170625954845,9.02573034191428,0.9902469899286416
1.1256726237882115,0.6954017175071117,0.4298732590650383,9.004312316155556,0.968723586609569
1.1303762518837794,0.6966853666483844,0.43340653412799923,8.987534943844873,0.97264756153468
1.131332434943625,0.6964489143349647,0.4346304563447876,8.972843807555456,0.9733616117864794
1.13015767956845,0.6953295423484307,0.4345674526682652,8.958846845316922,0.9722472700989818
1.1372060531487331,0.6979570024397446,0.4391088007755008,8.950078555951993,0.9782454207460315
1.1367429126195667,0.6973954432358294,0.4392080156816656,8.941855063277934,0.9777856582781889
1.1412505105883302,0.6990985965813712,0.4420714291838236,8.936888584091111,0.9816257026114656
1.1511100746961194,0.7033380495601809,0.4477662113097925,8.937818595012082,0.9901132593147894
1.1600977049526333,0.7074143951691633,0.4526925824092034,8.943589391467535,0.99788782784366
1.1648967812728956,0.709803733183764,0.4550909548131695,8.951456826702128,1.0020760245016
1.1712326783207738,0.7129669281522887,0.45823082894391043,8.96205894818401,1.0076077538475339
1.1569609463926442,0.7069927432769877,0.4499706782181587,8.963923487194139,0.9953439630338332
1.1617902283926562,0.7092400399653619,0.45255325058086654,8.968264596881298,0.9995316741676986
1.1794786397187784,0.7173523358624327,0.4620209550956269,8.981820789596648,1.0148543143663835
1.1879168735900407,0.7216887100857663,0.46601728112950824,8.998707337965854,1.0222458604496751
1.20145546460337,0.7284397683162647,0.4725619842985156,9.021327470728892,1.034073521909194
1.2079955577861508,0.7323042598552296,0.47510623935912816,9.045422360921023,1.0398918087024862
1.195966401961434,0.7279297791436636,0.46773944923551664,9.060962940688706,1.0296572733805798
1.197283131252757,0.7291649380802757,0.46781209440240756,9.075824374046338,1.0309062266627405
1.2059902458128333,0.7336846671806846,0.47183622278683607,9.094024793629776,1.0385454058536197
1.19448322852286,0.7292779491604253,0.46498142385256275,9.104421893057838,1.0287163117194513
1.1877357389160361,0.7266711965626322,0.46094619916722124,9.110230395076611,1.0229497561250664
1.1877927734301865,0.726935964751724,0.46074287306815664,9.115546258423304,1.023039616123556
1.188041504842397,0.7272667936278645,0.46066252593385726,9.12051789401069,1.023291935537826
1.181583738712874,0.7245583506408889,0.4569833304407467,9.121519129058681,1.0177373153548275
1.189428078761841,0.7281374827265434,0.46116678241734893,9.126705737078545,1.0245336629352317
1.1636466403865522,0.7166957275645673,0.4469701007538679,9.11726322600913,1.002255565741638
1.1940273306297653,0.7300333251508815,0.46380148736009236,9.125327488505171,1.0284847015518883
1.2007382004875995,0.7333858566427874,0.46705471095913004,9.136292342622356,1.0343499516250487
1.1804988082617924,0.724714168916652,0.45576299468586373,9.135268853050102,1.0169073877375356
1.2016080221796097,0.734189095128018,0.46711749981438494,9.145811444793381,1.035172827521149
1.218033553752133,0.7420050886090892,0.47536091703646066,9.164216237204338,1.0494672693748328
1.221321450195382,0.7442502846613291,0.47634413613210697,9.182736796014801,1.0524451883468147
1.2169484475605654,0.7430610020223417,0.4733138201744623,9.197273140015321,1.0487900975846343
1.2268118073110306,0.7480997442230507,0.47788629531709625,9.215778238696009,1.0574356199808417
1.208712202749954,0.740726548545672,0.467661318633944,9.222923288276402,1.0418900055407894
1.2181216692156784,0.7452648739942952,0.47232692104706975,9.234495337022839,1.0500906941853347
1.203900662364074,0.7393280614486896,0.4643709293983047,9.237344439113361,1.0378532267672387
1.191625503599347,0.7338880652131426,0.4577159014769861,9.23323160045706,1.0272398834916574
1.2027739030915612,0.738766473817547,0.46382343514263463,9.235582471338383,1.0368683725146914
1.1778498718710115,0.727561475707672,0.450363638012197,9.22403083489096,1.0152955073829348
1.1636713354470714,0.7206386467620297,0.4430922458755692,9.205640206954888,1.0029370906579027
1.1505490203257258,0.713912304516912,0.4365853623426547,9.181571962126771,0.9914501164143643
1.1423246289339695,0.7091938515522817,0.4329665039595698,9.155088695504737,0.98416891375444
1.143912314108668,0.7088624715199519,0.4349127749405558,9.131972139429267,0.9853667049498096
1.1342847833046035,0.7035477718598853,0.43044519320603525,9.105550809290364,0.9768803004874557
1.1497462975261943,0.7095336992076612,0.4401504295944365,9.090304765660902,0.9900829536019462
1.1618712632432266,0.7144165698173812,0.4474615770148775,9.083209932757335,1.0004708180411028
1.179502215154254,0.7220903512015464,0.45736158137435917,9.08645037819032,1.0156773109237056
1.1762388423574814,0.7207517073841835,0.45546220448904595,9.087614530197264,1.0128760567855877
1.1792152921790078,0.7221415824431894,0.45702843186097114,9.090300167944866,1.0154596032520766
1.2057900791227016,0.734198264986772,0.47114559688464575,9.107105948769807,1.0384749267118996
1.1992009756166129,0.7319396256449087,0.46697026614095144,9.11887477517083,1.0328911820723599
1.2188085257588925,0.7412241231633652,0.4768490086111232,9.140081994514425,1.0499459661884578
1.2071061967186083,0.7368607624119121,0.46983836611646457,9.153151960935714,1.0399664038713274
1.206624063292491,0.7371871955115992,0.4690591392485722,9.16479333907437,1.0396412320310273
1.2047884039839651,0.7368443296332233,0.467621013490884,9.174402336042084,1.0381338690550264
1.1965494156113803,0.7335279530338565,0.4628563781726025,9.17868660877377,1.0310674146455154
1.1966271082429147,0.733739672618539,0.46272654676063973,9.182626242460756,1.0311645693571412
1.1863455553037827,0.7292548711513175,0.45706087021168373,9.180597498125936,1.02228926877574
1.1593660134717307,0.716927644550007,0.44245773140221895,9.16381078045303,0.9989158390789228
1.1516034029425382,0.712717792227191,0.4388408369907672,9.144221465629366,0.9920825925372121
1.1422439363844188,0.707667620622964,0.4344168374169108,9.121172119319988,0.983850081937975
1.1218418653405018,0.6974323280807427,0.4238383212893701,9.088655263816317,0.9660415953695685
1.1191396918864733,0.6949141066913899,0.4236091281096858,9.057641294358081,0.963489843213033
1.1361290917572944,0.7014267523893598,0.4344805678145563,9.039172714180681,0.9779800812646927
1.1476234174615858,0.7059002595119094,0.44165489632685073,9.028846674073494,0.9877973186093876
1.162682920236359,0.7122874032313724,0.45039604539765565,9.027799298778886,1.0007516037628377
1.1598786456319414,0.7109797942640996,0.4488971717625425,9.025303329598582,0.9983190463656758
1.1686194926525657,0.7148181357694472,0.45379098910311055,9.027833439154092,1.0058616266118403
1.1722333036136976,0.7165482824881023,0.45565905172178084,9.032109567795645,1.0090047467412862
1.1570994255496063,0.7099000550620368,0.44719071568211777,9.027687470547892,0.9959449016339949
1.1476499449769917,0.7054495244504903,0.4421360829674858,9.018429284093235,0.9877423049126459
1.1489668959095212,0.7056718128100224,0.4432445724625934,9.01075096885351,0.9888182608021197
1.1540546979274737,0.7076598335779258,0.44637740810073134,9.006592753156715,0.9931656048700244
1.1557950431128874,0.7082766294189027,0.4475086276049851,9.003774239405946,0.9946420729281555
1.1430405402225141,0.7024011278733499,0.4405402221381475,8.994140812724206,0.9835940530338706
1.1306440355406826,0.6964007764162968,0.4339723827672616,8.978453421227766,0.9728108392474473
1.1026142188778967,0.6830344228149507,0.41858865131819734,8.94828910865034,0.9484759460273179
1.1077807376781417,0.684200398773576,0.42280725086896725,8.923902889079006,0.9527427121180946
1.1156496666793458,0.6868074202686981,0.4283265930289212,8.906249953086407,0.9593806627530471
1.1215825461051487,0.6887903852398767,0.43243855085273825,8.893568637674834,0.964388712787986
1.1012194222679104,0.6790631491272595,0.42126556394258546,8.870534690107908,0.9467119385219798
1.1029982516529502,0.6789617191242096,0.42324721815968747,8.850653485071465,0.9480959538052256
1.100647563133094,0.6771121889708959,0.42270853593744084,8.831279766752937,0.9459338728130127
1.1068897656680017,0.6791689426426377,0.42712241582529,8.817231054718903,0.9511952492602621
1.1123909448097264,0.6810926216671335,0.43087105455635244,8.807567988893476,0.955851082164422
1.1151761420042166,0.681961769483206,0.43286956198027465,8.800349064151204,0.9581906992577242
1.1240250767690247,0.685651120139287,0.4382154915264885,8.79871395426874,0.9657817018322931
1.1311825211942999,0.6887964129681071,0.44233542406290943,8.80118315305062,0.9719501187152134
1.1357687725465395,0.6909510824920106,0.4448152658613495,8.80595212448008,0.9759268695988506
1.1423996929071858,0.6941122625390765,0.4483324030913608,8.813923891998288,0.9816852281844416
1.1355258470162894,0.6913579063522304,0.444148033513046,8.817409156622102,0.9758047404408243
1.1154376392201624,0.6824724507712617,0.43260954104152965,8.809436092791968,0.9584829108069665
1.136081378834898,0.6914252313704442,0.44464708589982394,8.813632016995937,0.9762535768089773
1.130969480519587,0.6893029106367653,0.4415937160833251,8.814633260835333,0.9718683742583017
1.137696171476456,0.6923591272230549,0.44533736955470504,8.819247037962176,0.9776837008751067
1.1238736371589688,0.6863420380792811,0.4373425292083411,8.815808808790749,0.9657795430097151
1.1619239245482684,0.7032310025477314,0.45873912805337574,8.833489735062887,0.9986139147187179
1.1564854437071541,0.7015310387597513,0.4550093504206578,8.846657685458968,0.9940408956718895
1.1511004962228273,0.6996622422123808,0.4514837129292385,8.855720556930612,0.9894815000497181
1.1284978828113796,0.6898867107693774,0.43844947809200985,8.851528640380973,0.9700210284014267
1.13082565244972,0.6907652806545475,0.43993849944179536,8.849009995588185,0.9720030218303944
1.1188517041272668,0.6852727879149295,0.4332478559886454,8.840053116970848,0.9616443116082969
1.120436325365327,0.6856289083599317,0.43452279009221334,8.832801861208075,0.9629523355810071
1.1251940874379975,0.6874798950927241,0.43752864582939144,8.828862692414335,0.967011918691857
1.121957156356885,0.6858656457738757,0.43585332977079294,8.823481834446177,0.9641899136870359
1.1289848855869036,0.6888089808346035,0.44006285669262174,8.82249272945275,0.9702219934010501
1.138514903460906,0.6930443701712288,0.44546960695652327,8.82684678269597,0.978444813077763
1.145900877121841,0.6965284882890272,0.44941627263197165,8.83485301335947,0.9848533037527796
1.172182957938533,0.7085846369238379,0.4635587296555736,8.85635170271597,1.0076088041052467
1.1634564920957668,0.7055814669241146,0.4578972366771745,8.871249594906022,1.0002222886012302
1.1999519877851792,0.7224337520015196,0.4769960594073998,8.904274642354487,1.0318591363733534
1.2146428361268953,0.7303325124196355,0.4834003445636746,8.942114095182646,1.044794456695337
1.2091509190001124,0.729493963687134,0.4789519661164918,8.973780302339497,1.0403215149579756
1.2003552506925124,0.7269079498581111,0.4729948193820096,8.998017728926532,1.0329441342290413
1.1850325419299876,0.7210680842756488,0.4638045443737514,9.011909878780745,1.01986585415287
1.1903667410299685,0.7240318616178624,0.46610542800346033,9.027431607844022,1.0245769437415913
1.1690632567172337,0.7151049014484884,0.4539468361641577,9.030012001428359,1.006260160664898
1.1638410345796901,0.7128570666452555,0.4509841981989208,9.029495449819459,1.0017612702001941
1.1635739308736068,0.7127156003929959,0.45085867125440626,9.02887900161802,1.0015266962837246
1.155570568499813,0.7090786070619035,0.4464779911417687,9.023906278056346,0.9946005308234325
1.1355920421196035,0.699834513763743,0.43554767477861195,9.00825331703563,0.9772891643671586
1.1563720495952243,0.7086042789088514,0.44775958544322136,9.005602027633595,0.9951524165998566
1.1745371348805071,0.7166727561211705,0.4578168636240968,9.013136051551413,1.01084265740615
1.1710082457803361,0.7153955242761867,0.45558935217928426,9.018070126762028,1.0078432401976414
1.1603120091117554,0.7107799394620989,0.44953119801005975,9.01669719951057,0.9986270076757482
1.1685553979679963,0.7144376564161493,0.4541059668709237,9.01997035087375,1.0057466308264849
1.141689345978904,0.7024406119291081,0.4391258893493595,9.008096262463484,0.9825353274351426
1.1493238913949,0.7054159906554144,0.4438634527185895,9.001560761124962,0.9890565956089279
1.1771211578414569,0.7176669379653164,0.4593843218521888,9.010860575330554,1.0130490850023324
1.182293124066507,0.7203703737090357,0.46180398914938475,9.022126139774171,1.0175869512109692
1.1929159724354723,0.7255968454270485,0.46705531804058464,9.03810600187276,1.026853963253421
1.160569126314335,0.7117100502816001,0.448858463906397,9.035052907745477,0.9989869767600456
1.136221403878734,0.7005659129530923,0.43544846698903156,9.018724647258823,0.9779083442817429
1.1159211903732167,0.6906853821891556,0.42460438476377926,8.992414086205741,0.9602450843777038
1.1106388399413623,0.6872407637447436,0.4226474404313837,8.965543260909586,0.9555044215377484
1.0977846444620116,0.6803256966655228,0.41631446885964596,8.933810689737818,0.9442171312283598
1.1164214019787324,0.6875504983093222,0.4283609100628195,8.915677430899214,0.9601136405964662
1.1229939353116216,0.6898046350153557,0.4328531820338869,8.902921318822349,0.9656715771777591
1.110037992829842,0.6834324122348402,0.4259713109770118,8.884033789439856,0.9543922800439041
1.1229662976731845,0.6885283580860095,0.43414185354181517,8.874168959815188,0.9654345968661069
1.1273468470595067,0.6901089567921272,0.43703461841033064,8.867653234522132,0.9691520390810259
1.1360479329858502,0.6937630888125551,0.44221187428281894,8.866559505707729,0.9766239226431861
1.1648505501415312,0.706623419228172,0.4582390226557854,8.881299832877371,1.0014981660657765
1.1670027947794779,0.7081907498916845,0.4588079532789009,8.89588737288463,1.0034610074431567
1.165379734054066,0.7080646377372812,0.457317484272101,8.908294422372208,1.0021607442644322
1.1567498681879438,0.7047073857599123,0.45206167941982534,8.914896927107392,0.9947898596272571
1.1609800220551119,0.7068736146421198,0.4541199252658222,8.923211389524516,0.9984912772027296
1.1541799940970918,0.7041619171145657,0.4500281851409941,8.927063581801479,0.9926722172633454
1.152365962440014,0.7035036229036968,0.4488657971499597,8.929572978427878,0.9911310447942491
1.1736386678907658,0.7131439244876066,0.46043872306573486,8.94343402495063,1.0095342375872487
1.1633219442430505,0.7090908592925615,0.45423378670096864,8.950457820599153,1.0007136821525238
1.1312415126208708,0.6949244728432974,0.4360957271072872,8.939127657494108,0.9730332865476998
1.1343550791088384,0.6958771919602457,0.4383148947738197,8.930575935222768,0.9756476600676988
1.1062418343976648,0.6828024333724312,0.42264681045028374,8.906961844763945,0.9512957757682314
1.1102998249753684,0.6837110624953698,0.4259553999430716,8.887848411829578,0.9546453750459588
1.1203943924352644,0.6875193770083041,0.43252074889265746,8.87619211406131,0.9632384724717792
1.119476600835273,0.686639828449459,0.4324790879911746,8.865091812995882,0.9623672047686636
1.1111116774655831,0.6824186087058752,0.42815058284218205,8.850307905416964,0.9550674047600445
1.1215565731147035,0.686543874848314,0.4347353630429448,8.842744196156927,0.9639891551695274
1.1128233023591054,0.6823035127871587,0.4300591090723891,8.830981560798394,0.956395911712822
1.1157577929858686,0.6831583675441052,0.43222846296673767,8.8219447066206,0.9588508874953581
1.1139785203453405,0.6819960092952717,0.4315853351396248,8.812739387412854,0.9572536051465518
1.1185069803887238,0.6836675690822159,0.4345579435379543,8.806907447998844,0.9611015253101266
1.1195054955048904,0.6838832675025024,0.43537038946044143,8.802164101627163,0.9619241434832674
1.1099278587103178,0.6793825882480308,0.43008352305006403,8.79250114480217,0.9536231447351374
1.130483230840249,0.688232156746487,0.44219982698070237,8.795146900210428,0.9713037720259249
1.1177929185175712,0.6826423419423169,0.4348833823497473,8.790522217395894,0.9603658563399218
1.1166822990032563,0.6819579612777941,0.4344417934535212,8.7857005493795,0.959375719953483
1.1168373250277726,0.6818346837565077,0.43473168492782954,8.781404858206962,0.9594768738093681
1.113208953942302,0.680031778849889,0.4328339446896993,8.775477936165405,0.9563156555458308
1.0919258824307618,0.6702032321894082,0.4207595633922574,8.758110048129266,0.9379053227436424
1.0916428235989672,0.6693910195178885,0.4213208565457753,8.742186816142928,0.93754571407099
1.0977358447607626,0.6715088310689228,0.425541365839694,8.731174227131538,0.9426975182034352
1.0882018196320946,0.6667769726884581,0.4204356240489363,8.715786243397522,0.9343975017503943
1.0916529408451496,0.667725213041413,0.42310393191789775,8.703769210595713,0.9372725647869135
1.0847323180815773,0.6641336759967853,0.41955050687060186,8.688941967717128,0.931222255163784
1.0736744950077461,0.6585637374991683,0.4136354967213366,8.669188125097328,0.9215861197112529
1.0865637364727394,0.6635949952008536,0.4220878000743869,8.65857986465108,0.9325716181967245
1.0802688475379558,0.6603456137573297,0.41882817793975374,8.645386739861578,0.9270723561467616
1.085522316230474,0.6621871027696291,0.42248430855052266,8.636374604994195,0.9315144880684448
1.0801177333710017,0.6594037305636983,0.41968091480638064,8.6251385527642,0.9267943069237577
1.0900526409745759,0.6634175643066883,0.42600297349813965,8.620522607130377,0.9352847683589773
1.0727573722303114,0.6554715586252521,0.415990215259886,8.606572989702913,0.920343361469583
1.077418307962545,0.6570178003593433,0.4193517385784438,8.596547431281563,0.9242685416507823
1.0813955207105013,0.658406403392448,0.4221313219286782,8.589682647386304,0.927629822876981
1.077244654276481,0.6562745905919154,0.41996951605507576,8.581107676722446,0.9240061725639377
1.0929365960996809,0.662956893662812,0.4295671573690327,8.582103500307333,0.9374733557379082
1.0954351127760973,0.6641119671969982,0.4309821666643743,8.584397281685645,0.9396336162434897
1.0843789404790063,0.6592619890135607,0.4244088221938206,8.580316750607127,0.9301197510239211
1.1041977728243226,0.6679467922825317,0.4361443522725638,8.587616646931231,0.9471742251730169
1.0882652478974921,0.6611283107878312,0.42655486684469734,8.585417698533206,0.9334910810682232
1.0587700180868085,0.6478044567755235,0.40910956451437896,8.566731304250805,0.9080556141885447
1.0696833006104336,0.6519800984900387,0.4164547686666013,8.555986963255107,0.9173368128839262
1.0684244421365554,0.6509936777715797,0.4161635162675875,8.545516165333296,0.9161806526506906
1.0608334333038685,0.647176795427442,0.41206136203180127,8.531696718366039,0.909570814801643
1.0677326789219472,0.6497299675019583,0.4167930811725129,8.523062369074333,0.9154230294062705
1.058792655541274,0.645383702637653,0.41179741718273155,8.51014947978185,0.9076643278165082
1.0682327117121,0.6491068105293827,0.41801964271012293,8.503769122524192,0.9157100577617324
1.0544610098477998,0.6426873618287922,0.41001198709598374,8.490165567654785,0.9038058996628273
1.0517167093331794,0.640926196674325,0.4089358830295406,8.476250247747963,0.9013527503922371
1.0467314629973163,0.6381482434565309,0.4065047417695896,8.4607692809141,0.8969683015185586
1.0596027690685803,0.643308662999806,0.414976773713251,8.454031594252386,0.9079486403364319
1.0535350999651756,0.6403316431838993,0.411603257115667,8.444474385007032,0.9026796923502535
1.0599522096728549,0.6428253661826208,0.41589447874115937,8.439422302496688,0.9081408362574331
1.058330066651448,0.6419028649352667,0.41513639160109117,8.43391619924434,0.9067106267428654
1.05689075231864,0.6410442989948313,0.4145071163760118,8.428100257681248,0.9054348734001193
1.047465124552646,0.636604276872956,0.4090419100568755,8.417473078790026,0.897282680556052
1.0503511074828564,0.6374800108365106,0.4112610802719346,8.4094600256401,0.8996963825032965
1.0456614488685148,0.6350715000083673,0.4087540795503377,8.399517959694977,0.89560704696968
1.0509381576411347,0.6370402951709798,0.4124011222143002,8.393479625127577,0.9000823489842872
1.0552924100628884,0.6387452368229829,0.41530419294844223,8.390449396453906,0.9037892962854438
1.0590666285226213,0.6403068641535388,0.4177155332886024,8.389816051697256,0.907016994843594
1.0701023857202678,0.6451866770171096,0.42436031647324135,8.395401726227169,0.9165099940535424
1.0852557432642658,0.652123578330681,0.4330918416682621,8.408854029829746,0.9295899780536887
1.0854580491789256,0.6527518597246167,0.43262345753488285,8.421216032365066,0.9298565117493193
1.0919498357029633,0.6561203565906525,0.43589077226688144,8.436034434069967,0.9355299679167477
1.0953190369409627,0.6582065978892715,0.43721230416159124,8.451375185241634,0.9385329333377423
1.0853857033185703,0.6544200786046299,0.43073047987871066,8.459888378456215,0.9300853994496323
1.076692722088385,0.6508955366485258,0.42522812778735475,8.462815702137762,0.9226580271446064
1.091011182252441,0.6573737204677856,0.4335340467303789,8.473402814221984,0.9350078457907103
1.0737269027939795,0.650110190679911,0.42288181587088447,8.473452159779965,0.9201954056788161
1.0782056502730422,0.6521072827174078,0.4255367293040686,8.475995452400289,0.9240526706926598
1.0864233875276401,0.6558638547500217,0.4302732873193169,8.482869168288264,0.9311470303136844
1.0751063522440354,0.6510997686983524,0.4232917419150981,8.482830809630228,0.9214471904985779
1.0897382948433552,0.6576097631406815,0.4319222528771384,8.49092123147245,0.9340486512426995
1.0962588872678574,0.6608289461086314,0.4353806437357657,8.501875986807207,0.9397203627025705
1.1050803040379054,0.6651814860703295,0.4400235688555446,8.51668230885186,0.9473946679222334
1.1029825188340239,0.6648481015990338,0.4381723358273149,8.529020156842586,0.9456896700806144
1.1049274742545343,0.6662081491786278,0.43876586546655433,8.541320128579047,0.9474504645561054
1.0970622165535577,0.6632066099058681,0.43367712451162055,8.548193758599929,0.9407578430071099
1.0920200225318746,0.6612356587400962,0.43044145674057993,8.551658170724401,0.9364599407524777
1.1067967845247515,0.6679502119525569,0.43887242322846404,8.562957067151201,0.9492172837117421
1.0990359496601043,0.6649518628093073,0.4338963482772828,8.568972515690623,0.9426065799622967
1.1177197517862818,0.6734987771706745,0.4443991318535626,8.584689159893752,0.9587509819435391
1.1136602428290046,0.6723323509697432,0.4414042924364341,8.596789597471785,0.9553606991574112
1.1278765214850293,0.6791329359756311,0.4489844211359264,8.615543772192645,0.9677001724883396
1.1251706934707,0.6786955544910966,0.4466517667596678,8.63116396615223,0.9654979966002598
1.1320109992760405,0.6823676579074351,0.449856088722702,8.649103845910998,0.9715052907044373
1.1387987594039357,0.6861116420496259,0.4529104471772603,8.669118653524544,0.9774848528168619
1.1280975516424172,0.682172341975596,0.4460358364829433,8.681551157783941,0.9683942339534772
1.1446551532097275,0.6900386448595914,0.45481097496530354,8.701846798076488,0.9827644419387278
1.1493002669551493,0.6929329310035919,0.45653946832726067,8.722844324102237,0.9869149489373383
1.140717406179552,0.6899769454378282,0.45087047321181384,8.737341449678453,0.9796558146829972
1.1398387107389127,0.6901765145421054,0.4497693769132681,8.750066973696944,0.9789984471553086
1.1427946428921378,0.6920128821880415,0.45088866751081486,8.763261619526627,0.9816382435648502
1.1541958009535893,0.6976304232921063,0.45667259785515646,8.781448605773551,0.9915719422146869
1.1659768741327798,0.7036172924582432,0.4623944710358476,8.804348954605471,1.0018711951342962
1.1729013125702725,0.7076408305846285,0.4652186454410787,8.828925717893958,1.008012852296619
1.1892177394650931,0.7159027754080965,0.47301464032354823,8.859997680080136,1.022280630605662
1.2029825797228981,0.7233028321211251,0.47907177963138936,8.89559367690674,1.0343963151873945
1.2024702298532437,0.7245728936998432,0.4773289121532189,8.927815731349432,1.034211007588227
1.1938378099213063,0.7220854316267467,0.4714034589739837,8.952646954425848,1.0269812081366902
1.2026331763825269,0.7270385183642434,0.47507000358928125,8.979953016394825,1.034762393189996
1.2072502469270887,0.7302382800438749,0.476398682412531,9.007298681674492,1.0389506139147688
1.2074326366693802,0.7314656772595738,0.4753796506691836,9.032332894989045,1.0393044750035096
1.196884274952957,0.7277972098928933,0.4687604195375978,9.049531204484495,1.0303587066481026
1.1984815372132973,0.7292271714787847,0.4689138377467519,9.06605425258962,1.0318622265352502
1.208041634172714,0.7341951935162868,0.47331622650177774,9.086216249134779,1.040250967286688
1.2027352378049316,0.7326587075501484,0.46969121888583865,9.101750161910013,1.0358023777580494
1.2041778351568866,0.7339518302366518,0.46982973192234734,9.116672084817635,1.0371607268741612
1.1884181620918732,0.7274828566848032,0.4608195616931064,9.1217469414562,1.0236257764045125
1.200030237176852,0.7329191521178999,0.4668222147428031,9.132651111751358,1.033711961734938
1.1924320274713123,0.7299497846491749,0.46232941667162053,9.138465578010562,1.0272114565390875
1.1801008128110304,0.724623181472345,0.4554604986476044,9.137026513056275,1.016577896740104
1.1577460202919747,0.7144349643691296,0.44331042957430655,9.123352235446937,0.9972187761946063
1.1782660264183695,0.7231760352363652,0.4550745004014706,9.122279809991834,1.014885437013678
1.1829765528139378,0.7252592318375803,0.4576644599517364,9.123882622066734,1.0189550136415717
1.1722914141166658,0.7204964027453606,0.45180820159164986,9.119478064512364,1.009718101888448
1.1636702035591024,0.7164136208317097,0.44727366742928293,9.11071076388735,1.0022266709926466
1.1650651768912275,0.7166901057732983,0.44839127539110973,9.103518420816116,1.0033740143908387
1.1634225385369688,0.7156545590390839,0.4477803881013131,9.096074402690313,1.0019033940958242
1.1527316337858546,0.7105077621557192,0.4421877015765393,9.083370007250046,0.9926020072566178
1.162696025946806,0.7145085637396439,0.44819451012341877,9.077365080849528,1.0011370168669942
1.1689933269814128,0.7171106662183047,0.45188502844448225,9.075379453660554,1.0065442626901082
1.1797337864437742,0.7218735348431612,0.4578032912931043,9.079453573635336,1.0158232983797535
1.185486525374805,0.7246308612506073,0.4607437336748847,9.086289611461641,1.0208292078151318
1.1767253956301813,0.7209645894351876,0.455732684656086,9.087734506602136,1.0132959479877675
1.1642228620735884,0.7153763716253768,0.44885596675749756,9.082175086910144,1.0024879490393368
1.1644789174322503,0.715266408265284,0.44922083753460657,9.077264260829244,1.0026714116670432
1.156880350052713,0.7116290970654442,0.44524035544322227,9.06859543401862,0.9960637152518399
1.1503744956100719,0.7083317782232037,0.44199105346548523,9.0571018602045,0.9903764866241285
1.148448862262601,0.7069961600878089,0.44138691071835984,9.045590098068516,0.9886328378019612
1.160954490242592,0.7121879790352261,0.44876672588086874,9.042068214056366,0.9993716377177956
1.1626135061980256,0.7127938475436715,0.44982111047833323,9.03978117171195,1.0007824675721215
1.1487904319034157,0.7064531358887974,0.44227898226883217,9.0300493050472,0.9888107969493755
1.149299618218486,0.7062911415836407,0.4429570080944016,9.021492389185767,0.9891850526719078
1.1474669660599641,0.7051170327731423,0.4422861391693128,9.012699944529507,0.9875419783887791
1.15837691133563,0.7096890638747144,0.44868427854858933,9.010749462045668,0.9969166508019307
1.162887338425463,0.7116427899152526,0.45124432712307383,9.01145619356665,1.0008037507245338
1.1800430605580805,0.719385422879731,0.4605637662713633,9.021451186998735,1.015645158671666
1.1859851480497179,0.7224632296310862,0.46336329564634215,9.033762298819322,1.0208544554823535
1.186906178482455,0.7233848220630431,0.4633585286042089,9.045468631698684,1.0217375682677898
1.171351595650865,0.7168726729913912,0.45446281403278194,9.04766917481202,1.0083642888720008
1.1845525700660837,0.7229018832388845,0.4615271671258273,9.056856277830374,1.0197990702286404
1.182280888214882,0.7222590389364438,0.45992951777880603,9.063985803871013,1.017898022627272
1.1695150791388718,0.7168007536219078,0.45271098564217527,9.063502016514205,1.0069034868531075
1.1665041445670328,0.7154221115220798,0.45108507321059577,9.061407616583251,1.0042953537235584
1.1674792981014774,0.7157770009728828,0.4517032491947968,9.060039778632591,1.0051245483249631
1.1920219290006453,0.7267666642557593,0.4650383153011899,9.07215345891164,1.026347786607257
1.2090471858676006,0.7348998866790234,0.473600611698993,9.092310172308947,1.0411645050330325
1.2058476990310225,0.7343078200415348,0.47109498968368985,9.108967825314936,1.0385390439720656
1.2074320101430756,0.7357121197300796,0.4712616106826039,9.12498955514005,1.0400282969273733
1.2016562385895444,0.7337845672173083,0.46755614836493176,9.13647922328585,1.0351422211064476
1.2044017901121475,0.7354955630447387,0.46855129235657744,9.14841786857114,1.0375998127379342
1.199654761647224,0.7338545538293142,0.46555136786142753,9.156725698652112,1.033574261034535
1.2098696013909311,0.7387950724582156,0.4706305691591572,9.169791334722921,1.0424764237180466
1.2001090474693246,0.7349431340627637,0.4649369463846338,9.176422148384141,1.034117333121832
1.1864739911400497,0.7290588074988011,0.4573779195199663,9.175027561207258,1.0223575865491636
1.1945801671594616,0.7326648265433213,0.46177997626288214,9.17818463164202,1.0293666688003065
1.1900342635144974,0.7307410019077685,0.45922002609833845,9.178577452290575,1.0254524713032953
1.1924380753809232,0.7318434560320614,0.46049240823152676,9.180246575138048,1.0275365905969487
1.1694985528411497,0.7215205947613581,0.4480262929658895,9.169141410376136,1.0076860914306434
1.178782989275976,0.7252799021809105,0.4535178739840634,9.164186058431861,1.0156484466199616
1.1678319662293322,0.7201129306147102,0.44775837563071047,9.153629602032852,1.0061337932609493
1.171413055913311,0.7213088928062501,0.4501356035816572,9.146024277123283,1.0091617809059474
1.1852299676014313,0.7272503662563703,0.4579255633467181,9.146707340860642,1.021070131288147
1.1837901530644408,0.7266278970525735,0.4571222598693755,9.146541040051842,1.0198284719318476
1.1708293256942035,0.720756236987308,0.45010164548891846,9.139261173447096,1.0086079682818745
1.1851151515618592,0.726921113497953,0.45813510257113266,9.140494298867825,1.0209238598196302
1.1749341177971013,0.7223690958847269,0.4525782317404044,9.136031345645236,1.0121196088821822
1.157526457735723,0.7142950936353015,0.44322932122680087,9.122326144489557,0.9970220017302415
1.1656970413822711,0.7174475190244615,0.4482699542067545,9.11442128025581,1.0040002201361873
1.14504650147989,0.7077528258185491,0.43717860237527706,9.095717741153802,0.986075881583148
1.137030162239923,0.7033563669907071,0.4334476537822468,9.074227782471512,0.9790143748208592
1.1460275810580653,0.7065866962517796,0.43934667320892096,9.059787174974947,0.9866541224055982
1.1378718490390254,0.7023044414642529,0.4353720662432797,9.042101483006972,0.9795019085144885
1.1264582680543456,0.6964095632148318,0.42965379182929425,9.019607655547485,0.969512014459546
1.1370389483137644,0.7003186907734384,0.43653527179666973,9.005163365138525,0.9785114530397282
1.131324227314196,0.6971494030029234,0.43390695952329694,8.9888410124039,0.9734729163056867
1.1350312486607461,0.6981767015937475,0.4366607003613549,8.976104286613957,0.9765681706442464
1.1444324331931974,0.7019155249549348,0.4424461958848901,8.969777134374773,0.9846094475221613
1.1564261807725136,0.7070660268771805,0.44935976004467765,8.970649051107337,0.9949348387466871
1.1575819508053384,0.7076216370797725,0.44996174395464567,8.972076693361227,0.9959400282514742
1.164786748535983,0.710919469657525,0.45386398426784674,8.97731919414076,1.002178728574497
1.1734225360723092,0.7150111155808007,0.458364794291587,8.986789099678768,1.0096815998003372
1.185497382954436,0.7208119224187093,0.4645129751862036,9.001933425952231,1.020188763345437
1.2135478134032525,0.7339653706359852,0.47882294209706433,9.030671113711982,1.044555027480318
1.2190865159215227,0.7376414580468102,0.4805603658938614,9.059803201882852,1.049553171060108
1.2228112093023278,0.7405289322004219,0.4813261219992392,9.08833786738066,1.0529859081095874
1.2428862558489542,0.7506757255244068,0.49056683308833154,9.12487985397907,1.070566130640794
1.2520899541502177,0.7563274870732093,0.49380417338749377,9.163021524836722,1.078800929695998
1.2570394849012825,0.7601608602703619,0.4947922371141357,9.200412349089216,1.083366580095609
1.2704573091156681,0.7677363963788544,0.5000757217244716,9.241490898433634,1.0952636334554613
1.2849136621718786,0.7759384898706456,0.5056637722987922,9.28644130819055,1.1080934645717824
1.275101976811573,0.7735056871540912,0.49899070845538107,9.32244182836153,1.099922476704732
1.2804859866729577,0.7774585553972174,0.5002608545725091,9.358090295377902,1.1048546342501055
1.2938140037723498,0.784951062914147,0.5054703732544579,9.397512904036505,1.1166749961213533
1.295237999449756,0.7872920757900264,0.5046303208439572,9.434238825437037,1.1182017284642143
1.3006177249310142,0.7912881540007518,0.5058451736177618,9.470537847533828,1.1231405373033907
1.294754527150122,0.7902242612055256,0.5015522803081529,9.500624954046133,1.1183195327968924
1.295487867474092,0.7918480641897582,0.500750083623724,9.528448106518823,1.1191763382886337
1.2957428441625296,0.7931581492070349,0.4998029034810311,9.553951467929057,1.1196008912378175
1.303837135103011,0.797901767085666,0.502797396955589,9.581425769649803,1.126815720665711
1.2880909515846621,0.7919689505484462,0.493988090576701,9.598213461702311,1.1133404307610333
1.2609956201960588,0.7803753045428254,0.47977532603190104,9.599039860414937,1.0899274283347273
1.2448078743786097,0.7730224936639051,0.4714963503968772,9.59101086446539,1.0758742718035808
1.2279181709444134,0.7649573960298054,0.46308318488236166,9.5744479356014,1.0611514656169394
1.2262632907055833,0.7635174038025189,0.4628564143476292,9.558499143925,1.0596007393413944
1.2014752666392794,0.7514788445758911,0.45043257078186505,9.530226266115628,1.037971757153786
1.1710536672400977,0.7362987696107912,0.43514867316652356,9.487342249249782,1.0113786742426445
1.1839429498237533,0.7405314059325068,0.4437905657331337,9.45584352633961,1.0222783743160446
1.1605659787664677,0.7284888409383795,0.43228078760374444,9.413986838947151,1.0017900327324156
1.1662200832861256,0.7294288775115152,0.4370105830506663,9.379315452428152,1.0064170717931171
1.157086493213568,0.7238403396741397,0.43334531244680574,9.342695722013765,0.998268400028497
1.1561469867827974,0.7219495482474515,0.4342619476616294,9.3089861256905,0.9972117484101598
1.152893464653854,0.7191115339817579,0.43378917351968205,9.276588050964028,0.9941688471322933
1.142585082330838,0.7130893096054203,0.42933506020085294,9.241346144192661,0.9850236930998109
1.1190478516108116,0.7008687961212028,0.41744463176540286,9.195850442560754,0.9644072543784358
1.104851288074355,0.6925473969044889,0.4111053997960127,9.146401549261203,0.9518220985131103
1.1100659055267081,0.6930221924868406,0.41608908180181525,9.104704514941922,0.9560162057046843
1.1097290447125885,0.691236452886332,0.4175716294705898,9.066759715346715,0.9554536551360245
1.1215640349519764,0.6951566219441363,0.42587527771876077,9.039182747460126,0.965442551471583
