yr,cr,ir,kr,a_0r
0.13790283966616795,-0.349633088900093,0.442859982411441,2.197784234487845,-0.012248365273682386
0.1461672652990823,-0.3439945660548775,0.44845207563080824,2.1975845551936333,-0.003997570885707197
0.14220844676285377,-0.3470118002550084,0.44599832120656685,2.1971226081632063,-0.00798792457458523
0.14765636996924403,-0.3432396155604529,0.44964533122395517,2.1970884056122766,-0.0025423362255426627
0.15353146370251525,-0.338932359896164,0.4534080920045375,2.1974734032248024,0.003359039654141122
0.15872396966790708,-0.33491137838867974,0.45658135278424916,2.1981912341302343,0.008600548871665838
0.15225942417183236,-0.3392999656146966,0.4521915347674027,2.1983861094997885,0.0021493066786514962
0.1517175777471839,-0.3395983320046931,0.4517741691815708,2.1985249330883234,0.0016169371465685094
0.1534585366928241,-0.33824514156281166,0.45283453617753494,2.1987744665204536,0.0033749306745299613
0.15261957612685448,-0.3387340353602142,0.45220746364177383,2.1989419476287533,0.0025474033272594315
0.14900791497145655,-0.3413063463497138,0.4498406115577857,2.19883844506621,-0.0010713235087480661
0.15555828732691926,-0.3365377327162906,0.454059842293987,2.1992082544319476,0.005504294157009123
0.15422702885065132,-0.3373269936001171,0.4530743997419124,2.199450235406941,0.004189554686492436
0.1528717348803605,-0.338199876714096,0.4521205099075262,2.1995742802830947,0.0028427287285515152
0.1574288525960191,-0.33478121928135846,0.45498392030462326,2.2000098272233193,0.00742957937604855
0.14278499473393466,-0.3453365223926155,0.4454766098034039,2.1993687310852224,-0.007258043391590828
0.14980842976761966,-0.3404969371031502,0.45019502948266177,2.199283213123226,-0.00024044629769832179
0.1490962396906111,-0.3410653159592237,0.4497717946141345,2.199155011831581,-0.0009613881295280701
0.156687911721293,-0.3355428978000212,0.45466477288621765,2.1995761117936303,0.006659030602112372
0.14870136640109152,-0.3412049329727458,0.44941228465666594,2.199393376818208,-0.0013399892605734376
0.14691560733724343,-0.3426137503282373,0.44833943001135973,2.1991007420249202,-0.003145725252481496
0.1393667290880192,-0.34832171650357496,0.4436281560496534,2.1983000084417346,-0.01074926616729909
0.14524643456987504,-0.34440641170373737,0.4476750703534237,2.197988329292629,-0.004890837683781987
0.14635943838669788,-0.3437478357515979,0.44849987005889097,2.1977837481989337,-0.003791799742854998
0.14425989572184542,-0.3453989093511027,0.44723473428742805,2.1974490254030616,-0.005914192504075554
0.15323837823980882,-0.3389621189217116,0.4530887114737177,2.1977805557607484,0.003086922181972867
0.16258562268564383,-0.33191024132781954,0.45893365647207474,2.198744024464914,0.012499938526065376
0.1516880726592517,-0.3394354538130081,0.45162403061802076,2.1988482939636342,0.0016095065234478772
0.16067267349172967,-0.3327677449400831,0.45732086446695497,2.1995794314581385,0.010644018995231156
0.14139984790219684,-0.34657816619250775,0.44475033244197676,2.19887927237148,-0.00867660347882676
0.14293734394397986,-0.34580746648008603,0.4459886135452113,2.1983515123868775,-0.00717513535411916
0.16209802887539698,-0.3319747026278416,0.45841295238330976,2.199228659518223,0.012045428679050018
0.14286595841474453,-0.3456798164926862,0.4458148702088268,2.1986641528116104,-0.007225178257917587
0.1551520413385816,-0.3369266798549451,0.4538644666297641,2.19902099925121,0.005085265057511378
0.1668721427687255,-0.32811498850692217,0.4612147756836816,2.2001755430668886,0.016884182269085363
0.1722534633844471,-0.3235581119754817,0.4642262455031377,2.2016064916540254,0.022363187633196044
0.1747543474851702,-0.3209790837437878,0.4652976617050469,2.203084769778664,0.024964987465095984
0.16964622837354712,-0.32397694224640533,0.4614947053544802,2.2040671841373944,0.01992393357834534
0.17640205719995694,-0.31849701162246985,0.4654467041763642,2.205438964364574,0.026773407983273746
0.17201572502361534,-0.3210184606588518,0.4621435515771337,2.206375660504656,0.02245102004503927
0.16054050891628377,-0.32898272489894825,0.4544750093985182,2.20641467318266,0.01097846715676586
0.14984262277943738,-0.3368377537537347,0.44763197992295894,2.2056924797789494,0.00023127995401232317
0.1520569650489501,-0.3355801643567725,0.44931039171951187,2.2051926210653168,0.0024114990075353687
0.16741877314159245,-0.3245295182343317,0.45929958050121267,2.2058260869157533,0.017816551119215845
0.17955264522098133,-0.3152705643219604,0.4668125286291061,2.207261464483878,0.030048410300314878
0.19190003301136352,-0.3054408391023329,0.4741675794567683,2.209441138986231,0.04254459516298661
0.19032893065349335,-0.305473203472384,0.47236507130378774,2.2113118358660606,0.04110119728397053
0.1879481572029913,-0.3062609579188596,0.4701590822696364,2.2128442365432077,0.03882503427583764
0.17657701853138513,-0.31384136616561054,0.4623384349242015,2.213432291989103,0.02749403962640303
0.1983669245641988,-0.29749763294445253,0.47603172036470165,2.2155102573598517,0.04942579949181855
0.19534541012205775,-0.29865016223084395,0.4733406924278577,2.21718574652541,0.046518663531013686
0.19633186209745265,-0.2970598450552303,0.4733556980779463,2.2187791261563357,0.04761388872416586
0.19305893198001012,-0.2986473814288567,0.47068196071115276,2.2199961773116974,0.04442404148436302
0.19224326090910943,-0.2986201242980276,0.46971481066601656,2.221045067597491,0.04367997366937727
0.21379037935300904,-0.2822174369109173,0.4830840570010737,2.2235248729174697,0.06539637784144794
0.2100486566111842,-0.2836928880585877,0.4797858837474891,2.2255147453696287,0.06179049518357698
0.19606728232376086,-0.29295885165959823,0.47013123221990044,2.2263339105217796,0.04786504178794279
0.19185744179110087,-0.29563539454935545,0.4671434709504653,2.226780615991598,0.04368569592481656
0.1735521599698654,-0.3088802659533755,0.4552948921078621,2.2258903494371647,0.02531963939561492
0.17975985027656333,-0.3047696956476835,0.4595840130754175,2.225520487549601,0.03150208081738412
0.18213778282940468,-0.3032099624034739,0.4612375920599339,2.225352588498416,0.03386855162165557
0.17942858717017113,-0.30529090730428715,0.4595698429798182,2.22500804244152,0.03113583527349431
0.1898797891454468,-0.29777505449744257,0.466367496077847,2.225434944484772,0.04161618003543483
0.19543156290613692,-0.2934679887088584,0.4697547130390624,2.226216323704564,0.04722129522036294
0.187124705336853,-0.29918000128751066,0.4641655896960205,2.226338503308973,0.038922778323411386
0.1723666803205363,-0.3099809697150775,0.4547003655681215,2.2254043778161408,0.024100984539872077
0.16957819159568913,-0.3125154741384,0.45326309981392326,2.224357489483031,0.02124102922081006
0.1541471720083385,-0.3244148193455399,0.4437971716176848,2.2223126713309793,0.005670418625185105
0.17191499764948753,-0.31238983334533804,0.4558889632413817,2.221711716053368,0.023397219633206384
0.17460154794016894,-0.31072210264643063,0.4578243192981909,2.221355542326017,0.026059455468167875
0.17635297234573594,-0.309616507784767,0.45907296146617355,2.221155718025183,0.027797238724296798
0.1574175423109032,-0.32365871092737675,0.4470593299524498,2.2196329350803543,0.008757854790516554
0.18071048506618467,-0.3072972163372937,0.4624864223883237,2.2198979752697654,0.03206889072641423
0.17596448144982826,-0.3106542460113774,0.45935970176312757,2.2198028440513675,0.027316392904371184
0.18945915909443223,-0.3007693286112174,0.46800857798973383,2.2206720891669707,0.04087041020908834
0.18753250100270422,-0.3017392986229097,0.4664598544815414,2.2213260363266913,0.03898839429319764
0.19005568781429708,-0.2995445984243853,0.4678305579434675,2.2220993699495644,0.04156437328795034
0.1839720297322225,-0.3036241728394782,0.4636635077589367,2.2223716896859775,0.035499305305168684
0.1898188824753322,-0.29917961469802135,0.46729579080832157,2.223033406560546,0.04139133063592313
0.19062165017488852,-0.2982473778249649,0.46756545909297437,2.2236919581280374,0.04223905483686678
0.18960133086692735,-0.2986588221427156,0.4666725684449124,2.224218513116901,0.04125468118651048
0.18223606439188275,-0.30380911918942477,0.46177797014864197,2.2241756694204766,0.033886489949196553
0.15955722182454757,-0.3205260366162454,0.44731723870431533,2.2225305046857207,0.011095338998033482
0.1671961988513035,-0.31575118382344713,0.45279692641320474,2.221575586617411,0.01866912785628208
0.16147325124156633,-0.32045658700817903,0.4494941531475347,2.2203019614650192,0.012859235296318938
0.1554706488620211,-0.32553223171471796,0.4461297904826179,2.2187187310469483,0.00674855253814912
0.15422136363237662,-0.3272684478242269,0.4459131659998729,2.217190626988272,0.0053949501748389635
0.1463459051150147,-0.3338540282155243,0.4414466725319407,2.2152433567616523,-0.002613440164471235
0.14920820687063607,-0.33275129459800545,0.44398812434508106,2.213675432045912,0.00014182607491222297
0.15105083418296902,-0.3322035337991461,0.44573952673457967,2.2123802271196262,0.0018960352845007254
0.15615332981980806,-0.3291153932007234,0.4494717312148143,2.211563882158806,0.006942802544438037
0.16432563206285103,-0.32352046619964897,0.4549877922052341,2.2114003786046856,0.015103943105616156
0.15835785892493365,-0.3279979157785311,0.4512384024407432,2.21082904374827,0.009097167374016835
0.16856058407025254,-0.3207819454008776,0.45796064660529906,2.211032129575785,0.019313756329385222
0.1671309637929123,-0.32172960368575226,0.45697358158851037,2.2111155431719505,0.017889830340514865
0.16677494736326598,-0.3219486605250594,0.4567157266343401,2.2111661762774926,0.01753727041626444
0.17478110978954486,-0.3160288835292117,0.46180767684214435,2.2117792454732688,0.025585284462917537
0.17558249047679803,-0.31512275820119395,0.462094306661112,2.212393463681003,0.026428595202577527
0.1755442869899936,-0.3148340923902235,0.4618445882402189,2.212949263941261,0.026428333823886752
0.17742191808752983,-0.3131652322733602,0.46283922420012436,2.2135876321482146,0.028349543591965322
0.17491276392267438,-0.3146830783750362,0.46100337902970195,2.213990389201429,0.025867883927528573
0.18814883273301347,-0.30473174280830106,0.4693045236408915,2.215294046268567,0.0391929478449136
0.17607020795694037,-0.3129509371322431,0.4611161878763471,2.2156239991088875,0.027136847528721836
0.18157808574207482,-0.3087261874453189,0.4645109517883521,2.2163141139436062,0.03269183650857371
0.1846648081750915,-0.30609799188016146,0.4662281050713178,2.217160246545143,0.03583632080034088
0.17778596515356063,-0.3107253875658268,0.461526762221503,2.217442443874857,0.0289767421785049
0.17063684388015626,-0.31584260113531776,0.456859779692519,2.2171927150810253,0.021810572981690136
0.16559012643759122,-0.3196864955732743,0.45372995447632836,2.2166082088645,0.016723953793766073
0.19289239065769082,-0.2998896507805455,0.4713720765590648,2.2180103763886465,0.044121938020668966
0.19098381973098927,-0.3005714462293133,0.4696393904967491,2.219150188617752,0.04229117720140471
0.17218324288771275,-0.31382344800193096,0.45722037967401935,2.218855082278596,0.023470454693783855
0.16676663317846047,-0.31796303911971363,0.4538710905689844,2.2182031171915475,0.01800933811010382
0.18286260993253917,-0.30645039184837286,0.46438471858971153,2.218750270155316,0.034142666671991395
0.19242023797012575,-0.2991324328823507,0.47028485312608836,2.2199247037865106,0.04378046828186792
0.2022595817084166,-0.2912835654625273,0.47613468923454605,2.221689473284419,0.05374028529907267
0.200045032923727,-0.2920035882245333,0.47407366593226075,2.223137327348503,0.05162457532099143
0.19747624740084482,-0.2931478312742793,0.4719027884865088,2.224271923090856,0.04913324379773321
0.18569610218496452,-0.3012344976343651,0.46396700125600504,2.224469288719595,0.037366571879761494
0.17376200311925266,-0.3099178811536657,0.45627677402491057,2.2238035313876656,0.02538702439649477
0.19283812673738215,-0.2962185397913699,0.4686977610842599,2.2245492091487518,0.04451405226432825
0.17246935360634216,-0.31082823341619115,0.45542232521545756,2.223784652036916,0.0240930860699085
0.17074130930581424,-0.31249464495103774,0.4545997586773178,2.222967056459593,0.022309228012449996
0.1669314657845471,-0.31572090884332366,0.4524677874735999,2.2219537918114214,0.01843021324135803
0.1487485269656177,-0.3296287122226951,0.441232908043658,2.219744645507435,9.64654312681952e-05
0.1513071295409672,-0.3288846090586287,0.44367657329881255,2.2179170887948185,0.002530308523424418
0.17558916125740284,-0.31195219577538963,0.4598468343064488,2.2179750507740836,0.026816297077008642
0.1872730585186219,-0.30332130833002824,0.4672836821862035,2.2188552561048844,0.03856028220385211
0.17877476213403262,-0.309123276305141,0.46153610348871155,2.219053739399322,0.03007553541821128
0.19817402326442607,-0.29474031982481774,0.4738463014761514,2.220608153362634,0.04958090976237854
0.1933964032400605,-0.29745561668665266,0.47022637940939976,2.2216832049923525,0.04487667891370205
0.1832063832299365,-0.3044024375204926,0.46332745159740935,2.221939046498127,0.03470412410101895
0.16580555242864525,-0.3170799455915481,0.45212622592469254,2.220939285029641,0.017235043842752425
0.16941442647557672,-0.31493894291570246,0.4547966294760551,2.220285801231384,0.02079930734697806
0.16100461095538032,-0.32146679145584106,0.4496681797482067,2.2190959741420224,0.012308267409870156
0.16384494030550323,-0.3199895740303756,0.4519177303015539,2.2182152330521414,0.015088472332688523
0.1745545120748672,-0.3125600724383436,0.4590770156563438,2.218172874040036,0.02579515244241975
0.16828907969834928,-0.31719415965101,0.45509317974962166,2.2176906139683625,0.019496798226795384
0.17084864806544808,-0.3155586873263534,0.4569039356514777,2.2174333759111216,0.022038806053390685
0.18227141047419843,-0.30728259934323887,0.46428972924316414,2.218008476574861,0.03350082813601354
0.18264689917231436,-0.30670957310328634,0.46431843113531857,2.2185580067698023,0.03391383091203408
0.173651458602608,-0.31304805806137864,0.45837482493094306,2.2184205988223304,0.024909010081448555
0.1787722456934602,-0.30934930743825884,0.46169395564516863,2.2186583291696285,0.03004602601133245
0.1797313727006971,-0.30852064323965256,0.4622189756110291,2.2189424256010906,0.031024547068462287
0.17141330721225198,-0.3144973848106706,0.45680513125126043,2.218611634306068,0.022683899865140654
0.1933280917102514,-0.29853562751527707,0.47091521791684443,2.219862940667902,0.04468410571864527
0.20490505390538027,-0.28936798047499784,0.4778460160117286,2.2218206753613186,0.056394714103278336
0.20949592997615687,-0.28497872896187254,0.4800582673498267,2.223925979500896,0.06112931029298439
0.20782797418040036,-0.2851207483258773,0.4782212188514291,2.2257221921771135,0.059583974257782446
0.22254486784853966,-0.27336062906988734,0.4869564060634446,2.2283977904654355,0.07448351959739082
0.20903943274465636,-0.28192256473652627,0.4773539924081483,2.229874191116681,0.06107887204404288
0.2060148108654627,-0.28338764433033503,0.47488167107747004,2.2310024599783023,0.0581312722549821
0.18974559419977305,-0.2947821623037721,0.46408272296502273,2.2308761384469515,0.04185343214449491
0.18413972032752413,-0.298974026096333,0.4605507015762427,2.2303642442109193,0.036212613435960835
0.1817825944138867,-0.3009732169362457,0.4592338852028864,2.2297318398059756,0.03381231597464745
0.1786228188141885,-0.30362542520513136,0.4574489286714406,2.2289330091309854,0.03059800761648261
0.17549676699350883,-0.30633864397697724,0.4557465540128468,2.2279852362156243,0.027407255387229126
0.16933950445132456,-0.3113600789042388,0.4521639258378209,2.226687348184124,0.021161391571399527
0.15597965517365303,-0.3218642067390943,0.44411215712218627,2.2245609857204496,0.007656384605593206
0.14263846473417938,-0.3327818927081329,0.4363762330924556,2.2216826164984966,-0.005881299809132275
0.12822021895159874,-0.34488029774119455,0.4282286801627277,2.218044169346811,-0.02054792683938697
0.12604746610584686,-0.34835631382176757,0.4281765613912804,2.2145818618125808,-0.02295703662361947
0.13407875333678637,-0.34422987439303093,0.43457330749611206,2.2120024085719736,-0.015101837633420042
0.12101754695881578,-0.3551751386134236,0.42718232498377323,2.20873187544836,-0.028386309339770377
0.12661570294310326,-0.35274091676822655,0.4319555906627886,2.206154477684733,-0.02296410127965604
0.12600018313270595,-0.35452334370203564,0.432508234284602,2.2037672673415383,-0.023742585737202705
0.12131426002263425,-0.3592040694164448,0.430392869667865,2.201264711218372,-0.028599347661255024
0.1356293968322401,-0.34995683115885157,0.44044865305548436,2.200003003408832,-0.014370342238843514
0.11557814115792286,-0.365368115678613,0.4281123260807303,2.197435627063594,-0.03459686173965995
0.12605091509248315,-0.3589828289973836,0.43573921705829083,2.1958428468601214,-0.024232820092800606
0.1387131961087429,-0.3504830995673036,0.44440618237187024,2.195291332480481,-0.011608188595210732
0.13777440975751842,-0.351458627315958,0.4440092612097318,2.194723354179809,-0.01258574839814361
0.1284445671576293,-0.3586196450050416,0.43826216756837244,2.1935461168428367,-0.02199595596713944
0.12418676334984256,-0.3623611594229986,0.4359761908213785,2.192174105127987,-0.026347421154002716
0.11825679390651489,-0.3674340798816699,0.43269428561623086,2.1905065563877355,-0.032391227027352254
0.10369435962148252,-0.3790141356263286,0.4240104918544439,2.1879588911020607,-0.04712757954444807
0.10746227188485566,-0.3775544047350996,0.42735027762879557,2.1859091687213614,-0.043499593063815276
0.11758558917629208,-0.3711593823158064,0.43456419540963837,2.1847623391209217,-0.033454564918805135
0.11616431413492831,-0.37279712921218355,0.434077687610973,2.183618871443955,-0.03495389961222785
0.12308723080118027,-0.3682906425483388,0.43891624413261937,2.183069430077123,-0.028068490953783255
0.11690500314985763,-0.37312501197843323,0.43517154813521536,2.182131975086719,-0.034314714655632794
0.11195273726504712,-0.3772540781827528,0.4323543129885694,2.1809288118259076,-0.0393491153578491
0.11874944854735626,-0.37287128501817396,0.4371342095212744,2.1803161511458256,-0.03259422779575545
0.10697054904067632,-0.38185819868455595,0.4298402163103342,2.1789248322199857,-0.04446810670865314
0.10315587726567031,-0.385383920192399,0.4279156393830885,2.1773895414320785,-0.04838758622678458
0.10119330669068365,-0.38762048939146915,0.4272261206158341,2.1758545109273335,-0.05045494677490893
0.08571693658923489,-0.39980498298564937,0.4179103240371812,2.1733626152831107,-0.06610142795414593
0.08095909735686642,-0.4045926415408857,0.4157874585061457,2.1707597758741484,-0.07103695191184273
0.06741522113412646,-0.4159052803485984,0.40809695571114024,2.167433793181728,-0.08480787876842916
0.06773717837560767,-0.41738368209890875,0.4095226394398461,2.164432293677022,-0.0846908210687424
0.089290820248943,-0.40306522008378737,0.4243819766749289,2.163229558925513,-0.06321928473786327
0.1007347697052513,-0.3952611844753419,0.4321281595805268,2.1629464240472926,-0.05179466367981233
0.09652539281322908,-0.39850590791466656,0.4295450842817831,2.162390845657981,-0.05604196753736478
0.08684643160639324,-0.40591753066632574,0.4235705908270409,2.161200157518775,-0.06580221194237966
0.09173453599921247,-0.4029333066616782,0.42712760118453136,2.160463665171739,-0.0609643847300097
0.10724358100644682,-0.3918963195200885,0.437297586283659,2.1608923889853444,-0.04542607256735103
0.10906102698384576,-0.39033730502417296,0.4383004239296032,2.1614109445706067,-0.043573227015036096
0.10164067166420293,-0.39553228098418114,0.4333735957655568,2.1613569254364813,-0.050997269996360305
0.09277093598329587,-0.4020895158278775,0.42773164823837423,2.1606796155968024,-0.059913242732552566
0.10951544703611253,-0.3901125278259142,0.43866854923625437,2.161249654501592,-0.04312981754600416
0.11340789886640698,-0.3869531323278306,0.44094406999695346,2.1620436675816004,-0.0391831618332403
0.11692658263111402,-0.3839533658997496,0.4428988384253605,2.163014867657119,-0.03559817838753612
0.11316098810384823,-0.3862244677223503,0.4401388744714985,2.1636312811262695,-0.0393216930051496
0.10450410209891185,-0.3922792331735435,0.43438683895313823,2.1635786676539728,-0.0479821707142898
0.10565874481305612,-0.39145638951466133,0.43514317687742127,2.1636126029052503,-0.04682521138461013
0.11613808415936319,-0.38372461826319376,0.4418199410029544,2.1643856491829974,-0.03629309946422773
0.11109253117598616,-0.38704014940415765,0.4383156436141115,2.164731230429808,-0.041315061097254725
0.12310588139177339,-0.37801839580418245,0.445857273151521,2.1658962999162643,-0.029222176557234233
0.12301630498998026,-0.3774834408388754,0.44537267675261644,2.1669493484476097,-0.029239865836846887
0.1317672448067602,-0.37049839744181606,0.4505722898989226,2.1685266578364764,-0.02038124984247035
0.11737606608673416,-0.38027881816115516,0.44080740334509183,2.168941657158771,-0.03474409834475823
0.11766156389996629,-0.37985461168790435,0.44083739670860217,2.1693392343721127,-0.034431459634268566
0.12625486591724575,-0.3733236775437685,0.4461768522107031,2.1703093619540943,-0.025771931146243383
0.1300631515653912,-0.370019890615303,0.44825187106378334,2.1714612129658857,-0.021885013549580983
0.13031792010050514,-0.36923826686241185,0.4479919276284974,2.1725266298927837,-0.02155751355449597
0.12442916977862767,-0.3730237169545809,0.443842138000061,2.1730783438805146,-0.027408600725575077
0.1211150634188646,-0.3751788139238005,0.44152426252420957,2.1733452966607483,-0.030704483362858078
0.12404723650939473,-0.3728826383329894,0.44329800457455454,2.173795704010634,-0.027741562885215242
0.1325164193585079,-0.3664158257158918,0.4485388505601563,2.174805079189143,-0.019203474299800034
0.12660736770090614,-0.37024512452008557,0.4443966615896998,2.1753043968325967,-0.02507843968109007
0.12451757597816492,-0.3715259775023773,0.4428795176417368,2.175610416744406,-0.027147340734223695
0.13829335062831027,-0.36122723558128844,0.45156065844138626,2.1768643352886428,-0.01328596641293945
0.1424044022736605,-0.3575542023405693,0.4537248284801058,2.1782956793164794,-0.009077203025229758
0.1284895787198558,-0.36705924164675596,0.4443175597353797,2.1786116903562944,-0.022970453867838376
0.11828063424244967,-0.37441147604509023,0.43768501377031227,2.1781759991978022,-0.03320914112703486
0.111325660839182,-0.37975602735422326,0.4334053252025343,2.17728724781224,-0.04022478579455217
0.11288782154763671,-0.3790644392694114,0.4347285373638989,2.1765897485092816,-0.03871024038091016
0.12355339785126485,-0.3715728158169344,0.4417925152378622,2.176710894532713,-0.02803639394703516
0.12760551952047144,-0.36852740166826314,0.44433463802147255,2.177108039700786,-0.023957160871264427
0.11892606993723526,-0.37471186682664986,0.43864864044437524,2.176854448457868,-0.032653922052097314
0.12153728504394146,-0.37292043708169986,0.44040847420476575,2.1768087958176414,-0.03004582345379743
0.11526225506787091,-0.3775632881990011,0.43641972022117653,2.176322861123296,-0.036354026119766146
0.11677777182042248,-0.3766982800442037,0.43756538101199705,2.1759883377990623,-0.03486134584344452
0.11352597794711582,-0.3792645916792814,0.43561240629468895,2.1754538520093667,-0.0381496267798493
0.1295533956947322,-0.36774182240820713,0.44603917297802675,2.1761029727695185,-0.0220778963188575
0.13931998894598654,-0.3602174447584195,0.4520352870947346,2.1773849250408523,-0.012223789657134033
0.1551347700714722,-0.3479143605518806,0.4616599438789542,2.179670665365759,0.0037470292039334125
0.15509078732625475,-0.34676784546213074,0.4607933214682476,2.181745964216972,0.003844718240932674
0.16367890297525836,-0.33937542812612664,0.46551397707907877,2.1842412695783966,0.012603177728709487
0.15220651801585477,-0.34653374052961,0.45727545038789247,2.18569771945855,0.0012302183676951971
0.1471872996952359,-0.34947741366374324,0.4535372494585293,2.186666581800824,-0.003722859866214914
0.16434676029560333,-0.3363459352336744,0.46413510763579635,2.1887628664208356,0.013579705139678638
0.1694988757462,-0.3314720740788879,0.4666547830747959,2.191033902652814,0.018886854531250188
0.18560196968145234,-0.3184466214855174,0.47610062129283576,2.1942394322630956,0.03520877628544403
0.17861622335728508,-0.32193583132441517,0.47046547062525257,2.1966594478633596,0.02838823407667042
0.1915639190263498,-0.3111563584615947,0.47784248785570105,2.1997769657370965,0.041548749376933036
0.19563797716359171,-0.30654938835185036,0.47929936361450054,2.202900252623194,0.04583602096367244
0.2008536014394357,-0.30109908945485975,0.4814828119953843,2.206109635567945,0.05127073609991021
0.16532239232366763,-0.3255997905411708,0.45762499421938996,2.2065114501261407,0.015766957116483966
0.16819141917931435,-0.3232805432071044,0.45930895309381164,2.207080014441896,0.018674797430219003
0.1853958471060208,-0.3103224200568113,0.47008236841090967,2.2088154945485337,0.03599769918052549
0.18437317326297425,-0.3101801613803608,0.4687928925794157,2.2103211292874576,0.0350778085847999
0.1636857854450255,-0.3246324451339021,0.45503527934048404,2.2102250322225623,0.014383860613449692
0.15242588054013925,-0.3329708830619203,0.4478830661953276,2.2093401796713303,0.0030635505974226495
0.14897725318617705,-0.3359659294425776,0.44600634184123494,2.208291341331433,-0.000456676469942159
0.14315638830908747,-0.3407918538032029,0.4426755212458885,2.2069253799823905,-0.006370789694819238
0.1363349280315296,-0.34651791646669,0.43882233642318347,2.205200193835595,-0.013310021062542948
0.1411507417654628,-0.343862581056449,0.44252928796935853,2.2039725648235517,-0.008578012310005972
0.15271100541093052,-0.3359857612870973,0.4503588497249108,2.203675031541091,0.002961940019787588
0.13715730948678861,-0.3475889264632397,0.44053970573159756,2.2023029102936116,-0.012685424770323145
0.13040848604466238,-0.35326469521850046,0.4367351465645335,2.2005772674113446,-0.019552050481932138
0.14232405847839377,-0.34538317361689735,0.44497421191231784,2.1998520566520194,-0.007685985076924744
0.1310163272915607,-0.35408128986582726,0.4380222668848448,2.1983917664629065,-0.019093404042920623
0.13165569578667075,-0.35436378338231334,0.4389661134901574,2.1971092135057724,-0.018541589955717742
0.12519033847616523,-0.3597846854561599,0.4353096385113814,2.1954850909015544,-0.02511781918000521
0.11783397262891188,-0.3660376630647518,0.4312097197271213,2.193487275660318,-0.03261056734087369
0.112821210293616,-0.3707581541812579,0.4287428722268464,2.191315646762625,-0.0377715775032052
0.1147091731118296,-0.37048838631340114,0.4307446883983749,2.189474707053059,-0.0360092877687526
0.12233656963243414,-0.3658230312314986,0.4362888060403272,2.1883409514605607,-0.028459287890047688
0.12627822768374378,-0.3635061614457731,0.4392207907145905,2.187589196485341,-0.024568948934378984
0.14325966429720105,-0.35139315867726584,0.45033623793760863,2.188108322771516,-0.007552073773849498
0.14236140168219158,-0.35178666201975917,0.44957240859142455,2.188516743496815,-0.008422455252390442
0.14270612946557756,-0.35132224692607494,0.4496426232907875,2.18891253372558,-0.008050708561495798
0.14757863223976306,-0.3475312664148631,0.4526076589778468,2.1896175143934395,-0.0031300797662426215
0.1345436742002302,-0.35676322975048363,0.44402850330458205,2.1893353619675144,-0.016184299156948023
0.13579389564969485,-0.35598841361433753,0.4449300601359098,2.189167347703181,-0.014945547322117706
0.12087477172017472,-0.3670576438001058,0.435468463291132,2.1879579404934115,-0.029947232325193033
0.1139330621878919,-0.37279148253648314,0.4314810870013325,2.1863665918174195,-0.0369975764356648
0.11626404541829224,-0.371896304174539,0.4335528120039353,2.1850846749211605,-0.03475410419058155
0.12020829974468021,-0.3696539387839168,0.43654080842947024,2.184198381385742,-0.03087035333228744
0.11659428334224983,-0.37277147798569155,0.43455904091916,2.1831365192452994,-0.03455685852745692
0.10762977667445468,-0.3799182823502823,0.42922633629258056,2.181536070013251,-0.04363062103121839
0.10806738211375175,-0.38042159025172495,0.4300928114762729,2.1801117813649578,-0.043290245689822954
0.13627221713892335,-0.36039345217677987,0.4486191489063033,2.18081426202752,-0.015037455288496732
0.12104467506941875,-0.3712407553859189,0.43864133141691414,2.1803745487088886,-0.030295014719723574
0.1287419359826558,-0.36580127427394593,0.44371599097177683,2.1805198703498667,-0.02258783331267628
0.1399390075759598,-0.3574837024585168,0.45081003756909954,2.181445032488609,-0.011327604845038074
0.13630682433721494,-0.3596803393031196,0.44815212272718585,2.1820290325848464,-0.014919920896443943
0.13321389901140995,-0.36165596402681904,0.44596358792118107,2.182341007918593,-0.017991549002290233
0.13238781869101482,-0.3621031711384792,0.4453218297060853,2.182566179411536,-0.0188022578279981
0.1332223467223313,-0.3613727066746204,0.4457719225014133,2.182830031528266,-0.017949717739731995
0.14219828590057412,-0.3546290677266112,0.4514046828963867,2.1837056633604672,-0.008914002911359615
0.14762014591134684,-0.3501862000351612,0.45454435169201757,2.184885869639262,-0.003411575257822044
0.15219014094268168,-0.34621333767265633,0.45702851839731745,2.186282691642411,0.0012537748451908947
0.16427246691926328,-0.33659862066166274,0.46422851841511714,2.1884085349874396,0.013481223070814116
0.17658071711947215,-0.32644159184466603,0.4713052823622651,2.191213275181129,0.025980940906348227
0.17838937074267083,-0.3236635964331573,0.4714308417756952,2.193891709573381,0.02797243979877556
0.17438884876446265,-0.325227115390537,0.46789460166038954,2.196043865383916,0.024118836295540857
0.1768858159166853,-0.32227900101455687,0.46869893534858487,2.198177656733476,0.026761468264983813
0.16998540313593463,-0.32625815268141933,0.4635114332488235,2.1996291889898294,0.019960145381337283
0.16932543378141304,-0.32599534128536145,0.4625576495579298,2.200902319360227,0.019387087194983253
0.1583483252294962,-0.3334194090579182,0.4550836370459756,2.2012825282298323,0.008435933868193881
0.15517461768496546,-0.33555960815278585,0.4529182999041172,2.201403475751416,0.005270482891315102
0.15502451458437003,-0.3356077253143478,0.45277811466240275,2.20150282190744,0.005127161728035319
0.15291237632071755,-0.33711131764205604,0.45139344000429465,2.2014435667867644,0.003010978368775701
0.13548633663682563,-0.34996989711813,0.4402917193109866,2.2001555039107417,-0.014502991876937016
0.14538893309754183,-0.3433445230753636,0.4470853231284338,2.1996856156955227,-0.004632472667872667
0.14551350878143177,-0.34349516720828177,0.4473372260631056,2.1992671713067664,-0.004536462393767284
0.14833950289258016,-0.3416306544812932,0.44929463647210477,2.1990868299229387,-0.0017227794156773825
0.13524609210146096,-0.3513622606424489,0.4410029584371895,2.1979955180878608,-0.014890689412342738
0.1532365437595654,-0.33868161049321177,0.45288705406129903,2.1982773492928986,0.00311900167275469
0.15082095115959704,-0.3403144695052228,0.4512417307199917,2.198362535185028,0.0007092243474913023
0.14732032868944694,-0.34284748494283235,0.44897594813178376,2.1981920661426813,-0.002803035318519929
0.1450663254993586,-0.3445946696116638,0.44759970214857897,2.197877421771303,-0.0050785179368869355
0.13220139269440265,-0.35422735187368715,0.43950313751342673,2.19668017053786,-0.018025181977111837
0.12170276892703517,-0.3625733105924867,0.4332408380219374,2.1948479602199544,-0.028648882920474832
0.12734385793180053,-0.3593656551648464,0.4375138454747349,2.193581463912409,-0.023094252200542606
0.1299134873998115,-0.35812725384352573,0.43961872868672563,2.1926118357728486,-0.020590815099022743
0.1265577094805279,-0.3610976737968337,0.4378323731434072,2.191492487325245,-0.024023006155306538
0.11796859381534504,-0.36799778666032235,0.4327603790349393,2.189866352745928,-0.03272313108501057
0.11511527412656461,-0.37093692614810914,0.4315356007186819,2.1881856319241515,-0.035691186402912
0.09502422478912903,-0.3865936144008323,0.41932759169500333,2.1852344304938867,-0.055983701664876054
0.10602835041313809,-0.3800151395670288,0.4274344673490402,2.1833302722554495,-0.0451095647756615
0.11163203565149799,-0.3768721264091512,0.43170999390977677,2.181995704926276,-0.03959698473986127
0.10850757645527824,-0.3798604841230406,0.43020517632163247,2.1805609017621292,-0.04281939181805558
0.10065803457744392,-0.3863788653849325,0.425720997680723,2.1787003051602514,-0.050795948679918664
0.10886708565551202,-0.38129546890717647,0.4316436107074558,2.1775898707626458,-0.04266270220496251
0.10139199255288364,-0.3873709068489486,0.4272794537067748,2.176050741264034,-0.05024286510618897
0.10361197311667902,-0.38653050953070117,0.42926116590698893,2.1748084453853203,-0.04810769077028647
0.09272129058598355,-0.3951883108945777,0.4227651309924729,2.172907508980745,-0.05912814211349493
0.0878769865647764,-0.39973482678709066,0.42037027348391587,2.170835902491831,-0.06411386585926715
0.10354459145816408,-0.3892697152246178,0.4311312714119223,2.170061842586011,-0.04849910271386377
0.10053284948214948,-0.3918860100979561,0.4294927760590262,2.169144689509421,-0.05157345481283893
0.10685928137119552,-0.3877018962564086,0.43386755622133377,2.1687587895804374,-0.04527336665715837
0.11121172036544091,-0.38469692011631285,0.43678739373894776,2.168716149720668,-0.040923838500199976
0.11582869690288497,-0.38132016742258434,0.43975016345430706,2.1690043703877975,-0.03628718636582366
0.10835660534910306,-0.3866720259850969,0.43487481152711477,2.168737244530359,-0.04377751346646277
0.11731228431627849,-0.3802171584070225,0.4406894340332117,2.169128625455135,-0.03479511658882193
0.12412390006959188,-0.3750009919368046,0.4448938696365709,2.1699669325677253,-0.027926273186285388
0.13921486307555594,-0.36345955401238705,0.45421925171153754,2.1717980045300918,-0.012710310711103045
0.13403977681681467,-0.36632475294276273,0.4502441226044916,2.1730964699307265,-0.01779675629127476
0.1405698823126289,-0.36084798009469654,0.45393609026040965,2.174739647379418,-0.011154478088836482
0.12812198201726657,-0.36916390227372786,0.44538748055839555,2.1753521710659953,-0.023560564020730965
0.13896308531792453,-0.3608674092738332,0.45208290621839475,2.1766769469126888,-0.012629023926242048
0.13521516895766073,-0.3629431373687166,0.4492045137817426,2.1776161173551865,-0.016312827137807812
0.13147825924621764,-0.36520964272086254,0.4464746104315485,2.178205437990633,-0.020009506451530067
0.132689989746039,-0.3640136907190748,0.44703188877860045,2.178827124363768,-0.018755336079223084
0.12916783722846606,-0.3662858500132724,0.44455554236706274,2.1791429680659182,-0.02225592730022425
0.12880867027129028,-0.3663873480191533,0.4442104069987285,2.1794047257381695,-0.022597225180233892
0.13623861294887393,-0.3607828603382598,0.4488570891197869,2.1801689593903393,-0.015115111531438762
0.13497334572075667,-0.36132011425108823,0.44776907178847797,2.180774262445995,-0.016339057308226598
0.1566566468651066,-0.34504596161261814,0.4613879813103938,2.1828603608060435,0.0054866528730520454
0.16761771675017817,-0.33590114599383886,0.46761938860792523,2.1855335483090244,0.01663020985240045
0.14661004891828044,-0.34998702433986706,0.4532290043060113,2.1864764184484033,-0.004313092282925927
0.1583274472754527,-0.34087507546824747,0.46036259914758704,2.188163639661585,0.0075194854648124206
0.17633749118076117,-0.32674694749409017,0.47123986776260735,2.1909733666678584,0.025721337438656
0.16603342838314417,-0.3328830443439981,0.46363176033599557,2.192798464092835,0.015541866232616145
0.1569631707152133,-0.3386187191366577,0.4571724417250129,2.1938156251150756,0.006541045792404023
0.15567452125011752,-0.33904273594069345,0.45597670996365103,2.1946492579205734,0.005309304874704208
0.13397731484741057,-0.35458497978118597,0.4418210360734012,2.1938705929490334,-0.01644105767578942
0.13565341505836026,-0.35375273805652496,0.44317659222701045,2.193281264406142,-0.014805188404113597
0.14574979248435616,-0.34662433498673334,0.4498375532594581,2.193460456676998,-0.004696578279144683
0.15406635059384588,-0.34040975744973273,0.45508047323367373,2.1942124076459297,0.003671312316021926
0.1612715409149601,-0.33471789722642054,0.4594038581211331,2.1954064540942655,0.010958015090629901
0.15776542529209292,-0.3366830508889331,0.4567277723081881,2.1962438781587474,0.007509066826326574
0.15152485471526694,-0.34084507972462375,0.4524370488825024,2.196563361883134,0.0012903060325295257
0.14721188488887804,-0.3438552557985617,0.4495667709438684,2.196548405138285,-0.003023684830554727
0.117689914959138,-0.36559529523121337,0.43072767658032,2.1944439399957023,-0.03268931762560262
0.1122983436799187,-0.370649648764682,0.4280581518515202,2.192148506021547,-0.038237588375576344
0.1201923477297606,-0.3660224428070193,0.4339391873332977,2.1906203629620804,-0.030447904114072787
0.12204236112469735,-0.3654487270394394,0.4356807101297832,2.1893618544376183,-0.028683803715370826
0.11446704171491162,-0.37167431630770315,0.431306898778518,2.1876809833382067,-0.036373869017089014
0.13875108036052833,-0.3546647711246971,0.44742462774269826,2.1878724680560695,-0.012076758507665729
0.1323342992065613,-0.3592896651859161,0.44325839432243036,2.1875921219552636,-0.01851267769710434
0.14802614129777075,-0.3478828518416382,0.45337772127758,2.1884485640238287,-0.00276236995321872
0.14557999642626582,-0.34924184054040586,0.45150209382808565,2.189054077277722,-0.005167179025059197
0.1518416361453355,-0.3443200930348474,0.45527690990866576,2.190048142477937,0.0011623212816630193
0.16305803878940914,-0.3355505431820936,0.4620719257411227,2.191746432602611,0.01249465894315481
0.15534391364202954,-0.34035331563805915,0.456524779593084,2.1927443350672724,0.0048486563252323695
0.14582828843293424,-0.34684347739601173,0.45008463711452884,2.1929777885288724,-0.004651032021934785
0.14449654689387198,-0.3477034207525342,0.44914890976715943,2.193095747451843,-0.0059747210106381905
0.147787099238774,-0.34522027260194044,0.451206073807549,2.1934360571904588,-0.002660937171658039
0.14206832238900027,-0.34925457930753534,0.447430795296114,2.1933404725249828,-0.008386239182836285
0.14517587763943254,-0.3470162799388164,0.44944948854763733,2.1934736474006487,-0.00526959265023107
0.13139817895984635,-0.3570899192758996,0.44060599650303417,2.192618950527889,-0.01910563784381388
0.14256801891009058,-0.3493081629601584,0.44804952748887494,2.1926328714607157,-0.007934847561525855
0.15399370400054227,-0.3408900706118927,0.4553377092550495,2.193454742828754,0.0035469431840269303
0.16505998460355836,-0.3323198423393077,0.4621000696534773,2.194985825590678,0.01471774427236291
0.17582638091534392,-0.32360458851129,0.46841082527798017,2.197140552219621,0.02563123457041428
0.16553509450213047,-0.330069102895273,0.46105116689820613,2.198370965482215,0.015423943202843762
0.15245012556081172,-0.33906688437413895,0.45224732775630033,2.1985630446901765,0.002352086676977328
0.14652088116007495,-0.3433325761458644,0.4483920826428992,2.198317768476861,-0.0035939016874961213
0.14665257186478195,-0.34336213681926414,0.4485661260603884,2.1981040667338188,-0.0034767994872632623
0.14241971597218822,-0.34658833329987093,0.44594259129813835,2.1976099607193507,-0.007743385889124022
0.13684445438739157,-0.35094735052835613,0.4425650359583319,2.1967658097139107,-0.013376274059683248
0.13143956512577779,-0.35536148882012103,0.4394246509362446,2.1956154307529823,-0.018859694780545805
0.12124004661754346,-0.3634630891406132,0.43333608193314654,2.1938470250331137,-0.029179934797330276
0.11861460359450232,-0.3663078570373737,0.43230895637766725,2.1920530768176407,-0.03192784299950636
0.1402364595384709,-0.35131637366000523,0.44676883377352766,2.191953194476756,-0.01031280557771512
0.1519766066070324,-0.34272548816672743,0.4542994940543108,2.1926938564816907,0.0014779033301028106
0.14555329688904525,-0.3470719446963687,0.44992762200162983,2.1929124125564283,-0.004930486504263085
0.14017953187450083,-0.3509150697522281,0.44641723939303063,2.192730552936282,-0.010316666302315524
0.13274094568091632,-0.3564847120878652,0.44173572849245557,2.192038358071975,-0.017802505686982276
0.1549975016293237,-0.3404577602682989,0.45619656065953296,2.192985247349539,0.004518690364027314
0.15445291589413135,-0.3403702847624939,0.45550156252783064,2.193807679954429,0.004030248587037969
0.14571248805850448,-0.3463802924073829,0.4496206200325869,2.1939364820302387,-0.004701386488807233
0.135176844839847,-0.35406957789078203,0.44284821394549456,2.1933074244395043,-0.015279972789367071
0.145328922213665,-0.34692066245809405,0.44955930459715704,2.193454436152399,-0.005117859545673556
0.12666362129093028,-0.3605851285374832,0.4375908626419569,2.192266161342972,-0.023864278926490047
0.11853449099961713,-0.3671821768535602,0.4328377745683309,2.1906099303384154,-0.03210647303624662
0.13571489450696378,-0.35538919866581925,0.44441204339502216,2.1903207120836456,-0.014945813208413655
0.13679768454863753,-0.3547412798825244,0.44520931691487475,2.190134414723485,-0.013875740890321937
0.14524288065521923,-0.3486205114690976,0.45066843320944877,2.1905631381985082,-0.005401277657412719
0.1658949195103219,-0.3331965856537666,0.46369384330211705,2.192415635345536,0.015377223277399099
0.16908775125751496,-0.3298907688277881,0.46505229688885485,2.19432623229452,0.018700483314660232
0.17046523268685854,-0.3278913398301282,0.465230654326827,2.19616108870968,0.020203222550023044
0.17567088263024938,-0.3231129038670464,0.4678804097218848,2.1981982009235908,0.025547937441567217
0.18087960271976922,-0.31822789246860483,0.47045792526056807,2.200419440909102,0.030908292095204508
0.1941303470512874,-0.30732785357068265,0.4781013085831861,2.203377676096926,0.04436098251002192
0.1844568623884979,-0.3129231616293206,0.47084123256019134,2.205382471463308,0.03482435664973193
0.18007161715497114,-0.31511732686966154,0.4673065457173745,2.2068948425396893,0.030542354521643438
0.1777889144618644,-0.3160176974176915,0.4652946130781563,2.2081083648653896,0.02834249380889718
0.16215179074421937,-0.3269029357137018,0.4548678689497008,2.208104331316976,0.01270509472489735
0.1697091106712651,-0.32134176482899784,0.45969336724617166,2.2086359035214884,0.02029870282068095
0.15124339047876126,-0.3346609706218238,0.44771124251568545,2.2078114430325355,0.0017767002188946446
0.17701704912212585,-0.31611315342481217,0.46446564867412665,2.208887159149353,0.027623793425519974
0.1900947558935256,-0.3059313094928497,0.4724188250964023,2.2107915191718504,0.040831502727047345
0.18422198255913655,-0.3092723052938698,0.4679714591241937,2.21210721207761,0.03504854611877736
0.17405625058691773,-0.316077133657883,0.4609997532408344,2.2125835878417797,0.024915334275225062
0.16471933761770935,-0.3227047204693285,0.45486501446435645,2.2123554764305013,0.015562849107062302
0.15440776362177971,-0.3304131410326338,0.4483665744916245,2.211417748421285,0.005187260419280772
0.1663346398000459,-0.322116923601609,0.4563238006768933,2.2114097858578754,0.017113593037479155
0.17963533551084213,-0.31232984613628195,0.4648168748722541,2.2123445544747664,0.03047810141759425
0.18090955168768644,-0.31090972775815995,0.465287308207356,2.2132847807055307,0.031816502821542726
0.18032282910619374,-0.31085670743291044,0.46456785752287094,2.2140981703290183,0.031285306872528854
0.1678002186730263,-0.31965559785007613,0.45627597468185527,2.213950880227015,0.01875264156304347
0.1622325602014523,-0.3238301444707971,0.4527760396339812,2.2134226259283887,0.013148921423670187
0.16950893736628314,-0.3187461589037365,0.45761452116094264,2.213457628950086,0.02042768810134436
0.16955791487957475,-0.31869205141446166,0.45763294346644945,2.2134929258329104,0.020479075182000667
0.16124581566088486,-0.3247927217339508,0.4523141821737606,2.212936324729318,0.012128979177972822
0.1614901617597089,-0.32489992098983667,0.45267434894481545,2.212447515306677,0.012339956347007243
0.14924694699664143,-0.3341647585628649,0.44503853607258637,2.2111359291186443,7.205190542251827e-06
0.15949935723866857,-0.32729400471232734,0.4520640641829538,2.2106694264801487,0.010227769300065947
0.1648316145469938,-0.32360931599847503,0.4556389131550442,2.2106228896086746,0.015556849739601811
0.16835232921727988,-0.3210415762688684,0.45790334228871393,2.210829925050646,0.019091697837574903
0.17563421471136575,-0.3155743030325605,0.46247559136760796,2.2115339140060373,0.02642164165479786
0.15281321146644877,-0.3320106845972848,0.4476501321719682,2.2105577726097603,0.0035340013896865106
0.1591670175854728,-0.32783684326316476,0.45206402642895005,2.2101201736077845,0.009857934500629129
0.1547302859689614,-0.33132859814101784,0.4493924918976505,2.2094080394733537,0.005372588526831968
0.164958733237354,-0.3241663112435099,0.4561828087625624,2.20948491886502,0.015606284031356575
0.16225661885598144,-0.32611579648827566,0.4544297803616176,2.2093634503223973,0.012895877509475734
0.149841436853454,-0.33531776655959034,0.44654943392491764,2.208373706209273,0.000413129896229901
0.14884335374802293,-0.33656296627049526,0.44627543127343494,2.2074030478536453,-0.0006512159071617358
0.1412448244404439,-0.34265717979434557,0.4417812037151544,2.20598227386116,-0.008346735388919647
0.1443826249517703,-0.34108009481152485,0.44430536247338837,2.204912601849508,-0.00528195681113966
0.1458953556762648,-0.3405182057075457,0.4456633948689771,2.2040470913652754,-0.0038283107867257836
0.14739994611099896,-0.3398570107290794,0.4469413323821014,2.203366647555252,-0.00237017134124965
0.14429185324930194,-0.3424959500137175,0.445206989927881,2.2025277952350515,-0.005535529068026068
0.14946405700666346,-0.33912112617590034,0.44881627316146216,2.202131346754591,-0.00039038914952999916
0.1467245568224703,-0.3413422560414889,0.44721302566732984,2.2015768353918777,-0.0031677434566632495
0.15423927421087852,-0.33609636085499756,0.45221327814682044,2.2016048431940627,0.004348885911053287
0.16165690937874486,-0.33062149197983226,0.4569378576150802,2.2021556574231225,0.011804122818310083
0.16713837442882679,-0.3263022743958918,0.4602347363899963,2.2030447299161064,0.017346281052024733
0.15909806150768718,-0.3317625287523947,0.45477624651156445,2.203283712320089,0.00932228243132737
0.1781391737501724,-0.3176223324605054,0.466842971963047,2.2048495864007793,0.028470290220513193
0.18933105879043222,-0.3085759150793693,0.4734125636965303,2.2070660834555498,0.03981348605034907
0.18497398853391367,-0.31064015238656384,0.4698181966919183,2.208772949435945,0.03557293623507249
0.19538434713149302,-0.3020963305441852,0.47583719703700994,2.2110622989648787,0.046139578948588306
0.21457665740430062,-0.2867873346325291,0.487248237708563,2.2145032715443826,0.06556678972812392
0.20409837153433263,-0.2927261132046866,0.4792973406347628,2.216890018684209,0.055251436874994495
0.2048682126072998,-0.29092841399447483,0.47891314610314706,2.2191148008863517,0.056173154320308435
0.19969058185418512,-0.2935924261838022,0.4747919561641031,2.2207710851102394,0.05110859100742231
0.20115157284534496,-0.29166268663059347,0.4751169169771696,2.2223806105379396,0.0526794574212762
0.20028361940965922,-0.2914714942944923,0.47397241065181545,2.223782673150402,0.051907216806660744
0.20156678123940988,-0.2898037792790193,0.47427712263957106,2.2251484413769713,0.05328361379670956
0.1955772429930009,-0.2935085143956515,0.469952810721735,2.2259661253074516,0.04734989533218663
0.18816519732182946,-0.2985430949604759,0.4649215485188242,2.226184690819185,0.039952770188022346
0.18689326549829477,-0.2993666885511168,0.46402946094360037,2.2262933481585128,0.038688255935539005
0.19323091811947868,-0.29464524307210666,0.4680350745463941,2.226841007944301,0.04506329495483931
0.18816815931608327,-0.29808968537187397,0.46460247960518986,2.2269804276337894,0.04001005373344427
0.1852202227908362,-0.30018787455539775,0.4626695934879067,2.2268984165999126,0.03705651866295203
0.18893579915641706,-0.2974949853303699,0.4650714215734064,2.227086996429534,0.04078496857061349
0.17981819728630732,-0.30410956182722876,0.4591822552072081,2.2266127259047255,0.03163499027119671
0.17405050647110126,-0.30860000371063573,0.4556745908229693,2.2257729826104744,0.025809973765668348
0.16829737557843558,-0.31326822354146805,0.45231029780245674,2.2246019476849015,0.019976901319041142
0.16775093263913857,-0.3142744549998463,0.45239109628524476,2.223498429349095,0.019355125899194244
0.1730650970146518,-0.31093163221078124,0.4561880918152482,2.2228713754181353,0.02462648398751895
0.16251763146675846,-0.31901946060596925,0.4496854327432874,2.221554183893012,0.013989099395259788
0.1607360317592648,-0.32101032297852433,0.449031420079995,2.220230287200808,0.012117122917727992
0.15509861962298926,-0.32584306429295584,0.44591860973282216,2.2186272093335755,0.00637027550261565
0.1492773258127365,-0.3309551587815734,0.44279084376709554,2.2167572499775767,0.00042132755484686896
0.15298055872596755,-0.32919350763760974,0.44584071982320633,2.215319181843277,0.00402638970632945
0.1568475770349174,-0.32708853533202364,0.4488367003221193,2.2142854304895447,0.007822838232133363
0.1463116593595865,-0.33537762097928686,0.4424906136350198,2.2125992486068737,-0.0028281878821112723
0.15120639857673202,-0.3326440684791585,0.44623363609748357,2.2114126758263324,0.0019855490871454576
0.14981051356540623,-0.3342836226673666,0.44577791555518625,2.210234868070317,0.0005092601733632416
0.14980357048428472,-0.33489619944324983,0.44620557441764136,2.209163400785766,0.00042917260042425775
0.16489661490863206,-0.3243382138358218,0.4562329053432911,2.2092580704835783,0.015528679733184654
0.14919254022284612,-0.3358497964842136,0.44617388731337343,2.2082319272953868,-0.0002454453753819863
0.1527145463951714,-0.3337863474174607,0.4487985194202837,2.207548302378993,0.0032298926488589837
0.16935089624569694,-0.32189223834665404,0.4596686952791874,2.208104938598773,0.019904241689005307
0.176839592363911,-0.31609241341321476,0.46424470192531453,2.209141465206879,0.027463697054737862
0.16864212181269317,-0.3215923070271262,0.4586317995154159,2.209503396468607,0.019290933996834916
0.18913176279539454,-0.30632237763195064,0.4715780505567484,2.2112836580695454,0.039902105847128166
0.18241271014914345,-0.31035035908364333,0.46663601097709195,2.212426571896341,0.03326107503705712
0.18079644452227478,-0.31095068927784475,0.46518502026286396,2.213351348089787,0.03170793992683367
0.17717644455712725,-0.31313855657317907,0.4625350238846367,2.2139358601162176,0.028127842096321642
0.16632795668873196,-0.32082310295953564,0.4553957397080218,2.2136990207111005,0.017263186204857776
0.16147970775122567,-0.3245142488152288,0.45238787309443806,2.2131402911009186,0.01237679518090035
0.15374474101189198,-0.33049644327684335,0.44765543398645835,2.212084419102739,0.004569748566746031
0.15520448526176747,-0.3299664421866762,0.44897458116877875,2.2112277041957005,0.005971008552956681
0.16394457104245325,-0.323974367769797,0.45486788213462664,2.2110677051436802,0.014700171889637868
0.17362321817611726,-0.31693204217562104,0.46110469199746534,2.2116076995366547,0.02441568214064444
0.15762606989265848,-0.3284296877451983,0.45069522615167634,2.2109657315314646,0.008374709431844584
0.15842471396519625,-0.32817287447154125,0.45144053233167686,2.2104385559700823,0.009137365482756345
0.15858600309953405,-0.32832603883757006,0.4517368867899212,2.2099706206375522,0.009266710672145276
0.13914634484480487,-0.34287770577076704,0.4394997535797971,2.208168334002814,-0.010295982004203721
0.13754359538458583,-0.34498710166016966,0.43913786741102234,2.2064160093015057,-0.012018355183288257
0.14748891556398008,-0.33856972445332484,0.44612906199220587,2.2055269956633285,-0.0021337241566937917
0.15074840521819077,-0.3366287986096395,0.4485358161348096,2.2049494695802534,0.0010863402630693665
0.16506509197406583,-0.32638756659478285,0.4578863719705538,2.2054382931139545,0.015436396924369279
0.1569119165696161,-0.33213733588001004,0.45250267467858446,2.2053053374771903,0.007274145199975583
0.14682229855331846,-0.3396332880931046,0.44611100566339706,2.2044698540242718,-0.0028725077091449128
0.14684336647528493,-0.3400486877724707,0.44643095945604894,2.2037116446144864,-0.0029031995028002615
0.14382605891491676,-0.3426609046533501,0.4447830965409245,2.202808510148903,-0.005982160195479082
0.16249137776382225,-0.32938640296792526,0.45702894128869653,2.2033092470476867,0.012717341837048281
0.1673828653228945,-0.3255273197272018,0.4599675946621111,2.2041109998521398,0.017663561637342548
0.16946699908454316,-0.3235795921896071,0.4610038160234659,2.204987637005978,0.01980753967229442
0.17275213657057492,-0.32070913453470506,0.4627791947764582,2.2060174261080485,0.023162976461544776
0.17769161716325443,-0.31654185789789147,0.46555439505316637,2.207303642875114,0.028190261579500896
0.1820912650326567,-0.3126397190943786,0.4678909340500489,2.2087847950877637,0.032691021383392325
0.17587205472872386,-0.31645401477191376,0.46337768715686734,2.2096911308806573,0.026533682744878866
0.17853165144222902,-0.3140287258169541,0.46474287298423805,2.210703621506294,0.029262397868024464
0.17368675526165014,-0.3170730495788806,0.4612788170416195,2.2112811397974776,0.02445692638863114
0.16008398818075875,-0.326788740241164,0.4523839761140778,2.21084287185086,0.010824240616763252
0.1702784582629945,-0.31951021621192843,0.45905213391977,2.211166370192598,0.02104079455671592
0.1642598726540926,-0.32377389500479564,0.4550916477199554,2.21103426532983,0.015013190708382397
0.16395230226029284,-0.3240684444628597,0.4549437821788342,2.210892359567564,0.014695933014471049
0.159701548709737,-0.32727078667059606,0.45228248382388986,2.210462269746527,0.01041581906653822
0.157074681963319,-0.32942635331714964,0.45076347462343014,2.209885145611493,0.007749554519961523
0.13964148200163928,-0.3425572996960892,0.43984716888710435,2.2081256795391844,-0.00980375668486664
0.16105214196824574,-0.3277035017884132,0.45415958469954854,2.2080421939120347,0.011601204092946925
0.16360577080830313,-0.3258667300322724,0.455820254783431,2.2081471390878193,0.014161997093757575
0.1672894460282605,-0.3231009000755217,0.4581331328087802,2.2085034580302167,0.01786999668804111
0.16534141106855565,-0.32435115308365237,0.45675893613538154,2.208689489621656,0.01593466130829073
0.16473710942356512,-0.3247000565706634,0.45630494831488594,2.2088158482699063,0.015338985627617638
0.15050084796637217,-0.3351147781937652,0.44717124525474866,2.2079224761644354,0.0010417374632095446
0.15364148714967504,-0.33326359094739944,0.44950373323973136,2.2073325694757795,0.00414210624093882
0.12901271534615905,-0.3516980837676174,0.43399901084379794,2.205051860848542,-0.020642359813131433
0.12154336619590109,-0.3583728735540402,0.43006784739225723,2.2024490128155576,-0.028289394279739533
0.11692493955950269,-0.3631151295779097,0.4280746762809557,2.1997551586373563,-0.03309171883062543
0.11750067367544173,-0.36408068945951216,0.4294304490768442,2.1973464243852727,-0.03268041870608832
0.10067940181145799,-0.37770584117806144,0.41957669658786234,2.193964822296193,-0.04973253810517397
0.09198444423461154,-0.38585064768478905,0.41526707188898465,2.1902741340195266,-0.05867944320315826
0.10251724095592898,-0.3800005347283919,0.4233443752989238,2.187664182144358,-0.04832481673188516
0.10791024575230407,-0.3773766318949491,0.4277443470809807,2.1856729184454506,-0.04306774699253426
0.11166101633215678,-0.37564255021985704,0.43086906930613533,2.1841279156011146,-0.03942244714997967
0.09933157674535657,-0.3855156033270302,0.4235656923988177,2.1818498304688734,-0.051907401882126364
0.10025582901001046,-0.38601016790540343,0.42499140356871695,2.1798438366910236,-0.05112009023781136
0.08379659844470633,-0.3991610889901616,0.41522100126920436,2.1768540860157635,-0.06778341831675495
0.08856597534936231,-0.3971921489542843,0.41936222947878665,2.1744733050509835,-0.06317656714850355
0.10146566976533551,-0.3889240688240101,0.42846982758173996,2.1732220795293915,-0.050362288539929176
0.09111378863769322,-0.39718984206345664,0.42232099845489396,2.171351183528351,-0.060841887749678525
0.0976954124256545,-0.3933097731603368,0.427208564053322,2.1701161229634636,-0.05434457626196626
0.09267125470560558,-0.39764525481538876,0.4244546182669199,2.1686372565586645,-0.05946968987470142
0.0863582783405935,-0.40305523361525114,0.4209674312921565,2.1668454192108255,-0.06590498732206086
0.10328585514239233,-0.3915183117476507,0.4324300633406611,2.1664149884814625,-0.049006794172054835
0.11575499161917133,-0.382561270952294,0.4405473200935863,2.166906714224159,-0.03650408967001254
0.12508791263234836,-0.37543731510870265,0.4463243527892069,2.1680148334624345,-0.027095522084897076
0.11167066851868093,-0.3847427722056658,0.4373532792473371,2.1680721781694023,-0.040508851531889344
0.0946441280126,-0.39724712657000977,0.4264637926230099,2.1669184331610585,-0.05761415329273259
0.11429137177324654,-0.38337904473537343,0.43942836262602997,2.167260834851322,-0.037943535215555955
0.12448743471007354,-0.3756967102589248,0.4458111405641142,2.1682943055623496,-0.027676921641949206
0.12350213678153435,-0.37588900575360235,0.4448030619876611,2.1691642532779145,-0.02860283195914371
0.11482134459373988,-0.3818306067916025,0.4389427549532462,2.169340484277559,-0.037271593617198284
0.11822138687850328,-0.37923680424896383,0.44104843134188865,2.1697415350852505,-0.03384417330509992
0.10687416818794387,-0.38738310861127206,0.4336580999417464,2.1693025530504477,-0.04522135943247353
0.1110615049153016,-0.38452704858640024,0.43649202243529533,2.169199952650461,-0.04104102679233776
0.124693144596227,-0.37454516015120853,0.4452310649597975,2.1700721062753257,-0.027349848899687543
0.1212207310020331,-0.37665152369986055,0.44269458162796976,2.170619221487885,-0.030784913279761086
0.11828940248813113,-0.37852721415772306,0.44062272953847137,2.170909102493197,-0.03369645285893332
0.12612149091225844,-0.3726121857219758,0.44551579360195465,2.1717273901561787,-0.02580850342697541
0.12072127187915133,-0.3761654673178856,0.44176850710404564,2.1720889903199927,-0.031184037567037713
0.11526555976749726,-0.3799951406057342,0.43815333851393184,2.1720313962532365,-0.03664368138407966
0.12565616258874468,-0.3723758990542445,0.4448070384520485,2.172714930635374,-0.026206416583350333
0.1430493824053746,-0.3592195015800897,0.4556587862176692,2.174568323534375,-0.00868667354061299
0.15435053566623078,-0.3499443568091581,0.4621926472634996,2.1770539990353845,0.002784166171904124
0.13628186064174566,-0.36196343388012386,0.44974708324501966,2.178034516644711,-0.015217573121661093
0.15394036084543622,-0.34845858074155084,0.4606592145153006,2.1801767433475785,0.002587167757607525
0.15416390448339076,-0.3471891471094851,0.4600160100478995,2.1821404931749853,0.002944768202937041
0.1497735299307924,-0.3494082578826,0.4564931070126498,2.183615178439516,-0.0013449358935243025
0.15132800684236267,-0.3475033609448398,0.45694436356257345,2.1850661977614543,0.0003085959064714058
0.1480595905825756,-0.3491609981839657,0.45432573383185193,2.1861541209872533,-0.0028855524875000846
0.15059246488551967,-0.3467353392935176,0.45554341250222563,2.187322753295349,-0.0002729006497478961
0.1434824754927293,-0.3513665589154339,0.45057621107108164,2.187881827508101,-0.007344724441671483
0.1438459459365946,-0.3508106455986959,0.4506031208904609,2.1884159337385447,-0.006944792848042333
0.15122949682907139,-0.3450998424104566,0.45512027617398193,2.1894245271146793,0.0005076104095104207
0.15503028620591294,-0.341781734689129,0.45717639840809376,2.190610823992147,0.004389383206882481
0.15809081492627544,-0.3389169107173654,0.45869480216898956,2.1919062776553844,0.007538347014351035
0.1594921820350396,-0.3372171645701611,0.45911407800234555,2.1931834785959174,0.009026903173453324
0.14849015809362281,-0.3446574741407103,0.4516226680695518,2.1935656242090875,-0.001949033329652036
0.1360985781634422,-0.353582325914596,0.44357263140801145,2.1930354858846512,-0.014376803547801235
0.13262815880284792,-0.3564104670016597,0.44155186615866454,2.192307644273952,-0.017896909547130177
0.13193211223703466,-0.3572982465676867,0.44137457906746247,2.1915965241884727,-0.01864150124227315
0.12474137916715575,-0.3629584052978159,0.43704544336380696,2.1904406290084366,-0.02591114234161433
0.11860916223147133,-0.3680687441952475,0.4335551541772326,2.1889552701240538,-0.032144758384754356
0.12060109107089084,-0.36736849233441676,0.4353715691939842,2.187745716091174,-0.030235400627552166
0.12385744634411824,-0.36559519563126996,0.43789391610171696,2.186876502010688,-0.027038382881614687
0.12820219370707198,-0.3628451555417763,0.44098615259647495,2.186393841910817,-0.022726584656995612
0.13398859752290737,-0.35883448443952554,0.4448568217052208,2.186364777617173,-0.016942164931358382
0.14962977307829683,-0.347335367785824,0.4548516216995883,2.1874461207481333,-0.0012271706890862565
0.13935166015193207,-0.3543437925035326,0.44789415396507865,2.187701443993234,-0.01148785379752578
0.1346205509559796,-0.35769486939526673,0.4447805055658275,2.1875985320819513,-0.01622598835379899
0.14597881063671134,-0.3493866693035729,0.4520685093974112,2.1883093925056887,-0.004819201260703688
0.15407166937445896,-0.34306255302274424,0.4569735888090843,2.189528943756504,0.003356911035141321
0.1664790744942856,-0.3332999611019449,0.46444612822498765,2.1915166189824524,0.015900006257358535
0.17641085342826596,-0.32496361118409756,0.47005662195550885,2.1940274122125922,0.026003186321848573
0.18972338447810042,-0.3138687486905383,0.4776332196588127,2.1972533129102017,0.03953593583532192
0.17896824969081548,-0.3201222524287243,0.46958450459693246,2.1994248885515835,0.028929045226136145
0.17417622070854896,-0.3225298492338574,0.4657289728855862,2.2010601021510814,0.024248645282958548
0.15443474439377278,-0.3362189774306151,0.45252762031618776,2.2011488238587003,0.004513225603222478
0.14976198250095735,-0.33961302884144584,0.4495123358743989,2.200898554274459,-0.00017662112835560313
0.16743393285598462,-0.326733064844177,0.460884579543929,2.2019225840481553,0.01756523537734488
0.14993935156968424,-0.33908338597260596,0.44934169298103105,2.2016146930935836,4.963567675641753e-05
0.15121325049501697,-0.33830441477538326,0.4502678061549928,2.201424951829786,0.0013105817780877064
0.1475539217841741,-0.3410960566733044,0.44800157740072105,2.2009932524857923,-0.0023782172048839815
0.14019363988106948,-0.34673691327232126,0.44346170625954845,2.2000794252565807,-0.009800882193247387
0.11838074480441961,-0.3632655895996462,0.4298732590650383,2.1977036088218207,-0.03177596412157265
0.12255054357211424,-0.36142138097261156,0.43340653412799923,2.1958386110891057,-0.027733480774116963
0.1233960840454584,-0.3617608347049873,0.4346304563447876,2.194202661227547,-0.026999619604668398
0.12235716243063317,-0.3633693841440405,0.4345674526682652,2.1926415184047943,-0.028145113768189116
0.12857442363380642,-0.3595977792063808,0.4391088007755008,2.1916623094495846,-0.021994698969751106
0.12816707892858878,-0.36040267869392373,0.4392080156816656,2.190743069145195,-0.02246479628184389
0.13212460032087778,-0.35796349293099405,0.4420714291838236,2.1901874955084195,-0.018545201523732263
0.14072675913419833,-0.3519176356668144,0.4477662113097925,2.190291554379146,-0.009935939048793259
0.14850422997870258,-0.34613865301270946,0.4526925824092034,2.190937006533715,-0.002114405937924121
0.1526324833267179,-0.34276677929672505,0.4550909548131695,2.1918162929737233,0.0020738725405689907
0.1580567654073675,-0.33832024372175223,0.45823082894391043,2.1929999939125056,0.0075789608294858
0.14579669344362067,-0.3467348772443401,0.4499706782181587,2.1932080203371185,-0.004666910069791377
0.14996211579265142,-0.343561248443791,0.45255325058086654,2.1936921898931825,-0.0004684355310951736
0.16507251009481097,-0.33218815620489534,0.4620209550956269,2.1952026222951173,0.014745069547997768
0.1722012467667629,-0.32616138252666343,0.46601728112950824,2.1970809379056653,0.022002030804354623
0.18353370901000368,-0.31685033580922706,0.4725619842985156,2.199591492950002,0.03350587791936478
0.18896242217651646,-0.3115591958417282,0.47510623935912816,2.2022588132707135,0.03911667764801257
0.1789545631283622,-0.3175506926579902,0.46773944923551664,2.203975399251282,0.029226002579180177
0.18005493265181433,-0.315855320054052,0.46781209440240756,2.2056142161405,0.03043824712790009
0.18730101022322504,-0.30967595142155857,0.47183622278683607,2.207617581771411,0.03782108591421192
0.17771364710153226,-0.3157003450716725,0.46498142385256275,2.2087602178148362,0.028311725663186273
0.1720487542066958,-0.31928117808475465,0.46094619916722124,2.2093980013007664,0.02269037151609843
0.17209677258564998,-0.3189168868249615,0.46074287306815664,2.2099813359480076,0.022778211658150117
0.17230615706620392,-0.31846188991350377,0.46066252593385726,2.21052658909792,0.02302481824088496
0.16685569004899578,-0.3221929812776339,0.4569833304407467,2.2106363613835183,0.017581844903805238
0.17347258551283096,-0.31726539871625037,0.46116678241734893,2.2112048120901022,0.02423754607329072
0.15155872967039605,-0.33310389726057693,0.4469701007538679,2.2101696741843466,0.0022530257718927187
0.17733190468311674,-0.314665094990052,0.46380148736009236,2.2110537879758065,0.02808655547607527
0.18293653472925392,-0.31008330817391216,0.46705471095913004,2.2122546513752486,0.03377316333846526
0.1659370680230502,-0.32197795163447057,0.45576299468586373,2.2121426204915857,0.016766048748281477
0.1836606782534579,-0.30898866075645887,0.46711749981438494,2.213296008884422,0.034568395889425445
0.19723771714482186,-0.29839917787454023,0.47536091703646066,2.21530636069046,0.048282672917368354
0.19993342845292178,-0.2953778966055328,0.47634413613210697,2.2173252861292334,0.051116207638091625
0.19634645284569172,-0.29697713531649766,0.4733138201744623,2.218907042296056,0.04763721176053215
0.20441877769080208,-0.29021896200592057,0.47788629531709625,2.2209170410225334,0.05584675063432637
0.18955549759631823,-0.3001237520972257,0.467661318633944,2.221692046781759,0.04103637685787734
0.1973100569224791,-0.2940155882275569,0.47232692104706975,2.222945965381927,0.04887653585389515
0.18556683714066252,-0.30201353035775186,0.4643709293983047,2.2232544459824135,0.03715437471420795
0.17531834444714323,-0.3093987617064995,0.4577159014769861,2.222809106463444,0.0268754805865344
0.18463047509902067,-0.3027734109266411,0.46382343514263463,2.2230636838158264,0.036204990154022704
0.16369063387437924,-0.31805678081568256,0.450363638012197,2.2218121258591497,0.01517971039939734
0.15157995157541845,-0.32761745074068455,0.4430922458755692,2.21981636218018,0.0029327858341814984
0.1402392374306414,-0.3369951469913364,0.4365853623426547,2.217198427677338,-0.008586643519038841
0.1330653343534601,-0.3436263743736954,0.4329665039595698,2.214309866283229,-0.01595773634227754
0.13445424151355012,-0.34409374655485675,0.4349127749405558,2.21178167779006,-0.014741417803363872
0.12600230543919078,-0.35161949874899945,0.43044519320603525,2.208884206604103,-0.023391151858270016
0.13954130719021873,-0.34314728638855296,0.4401504295944365,2.2072084352028076,-0.009966547846697163
0.15003186334486152,-0.3362890556555368,0.4474615770148775,2.2064276469643476,0.0004707072410653438
0.16509249790897887,-0.3256050077503416,0.45736158137435917,2.2067843344765943,0.015555691349833629
0.16232192609773863,-0.32746057356711333,0.45546220448904595,2.206912445828062,0.012793865150633134
0.1648492106346279,-0.32553406174718114,0.45702843186097114,2.2072079294202935,0.015341321091537956
0.18713501940845484,-0.30897617105652936,0.47114559688464575,2.2090549822909105,0.0377532202889774
0.18165548136213483,-0.3120572470495485,0.46697026614095144,2.210346416558833,0.032361842935591544
0.19787376331244372,-0.299452239008579,0.4768490086111232,2.212669356379258,0.04873870207238362
0.18822592227038612,-0.3053563294555717,0.46983836611646457,2.2140982965739826,0.03918840866161944
0.18782642988259352,-0.3049134224208736,0.4690591392485722,2.2153693321093817,0.03887568443678349
0.18630395316986637,-0.3053786307677925,0.467621013490884,2.216417251333024,0.037424744689110105
0.1794419276483408,-0.30988957301295555,0.4628563781726025,2.2168841234570995,0.030594590526160974
0.1795068561070544,-0.3096009827347399,0.46272654676063973,2.2173132467751717,0.030688813399679774
0.17087762011408403,-0.3157319905839137,0.45706087021168373,2.217092289456159,0.022044493587655124
0.14787331560020958,-0.3327803576308894,0.44245773140221895,2.215262116238945,-0.0010847490486502707
0.1411552347207244,-0.33866974024657615,0.4388408369907672,2.2131221459749555,-0.007948916557009106
0.13299469296338828,-0.3457807579173331,0.4344168374169108,2.2105983176832757,-0.016281749291291038
0.1149718571858046,-0.3603497906661966,0.4238383212893701,2.207026961472029,-0.03454838630786071
0.11256025789805056,-0.3639670285493117,0.4236091281096858,2.203608743373738,-0.03719333273695477
0.12762695095304658,-0.35463880058717173,0.4344805678145563,2.201567656298365,-0.02226597595974354
0.13769321051254685,-0.3482813269480974,0.44165489632685073,2.200424637685252,-0.012277745386902126
0.15073019684199904,-0.33927379279358016,0.45039604539765565,2.200308627735524,0.0007513214501787269
0.14831538381112194,-0.3411112683392573,0.4488971717625425,2.2000321135819645,-0.0016823680221203716
0.15582313134528117,-0.3357271242091998,0.45379098910311055,2.2003124094224584,0.005844514117377872
0.15891073586091584,-0.3333096473993545,0.45565905172178084,2.200785957840614,0.00896444576207727
0.1459163784430324,-0.34263108637371104,0.44719071568211777,2.200296240561207,-0.0040633425723102246
0.13771632541976547,-0.3489200560312276,0.4421360829674858,2.199270181892433,-0.012333440242222424
0.13886318723270002,-0.34860500394392463,0.4432445724625934,2.198418416521382,-0.011244724809551397
0.14328156551330257,-0.3457917617949377,0.44637740810073134,2.197956837296966,-0.00685785656595843
0.144788456185723,-0.34492054208118733,0.4475086276049851,2.197643849363412,-0.005372332240700866
0.1336918524448569,-0.35325063092027864,0.4405402221381475,2.196573344521733,-0.016542014780916478
0.12278741332480492,-0.36182995618881525,0.4339723827672616,2.1948276426741145,-0.02756562551379886
0.09768392286201484,-0.3812100212451176,0.41858865131819734,2.1914623529685078,-0.052898849942009385
0.10235867856006375,-0.3795044236069172,0.42280725086896725,2.188733394516344,-0.04841038856931592
0.10943689593020967,-0.37570134589851706,0.4283265930289212,2.186753272201433,-0.04146734568010226
0.1147406755732795,-0.3728182846770202,0.43243855085273825,2.1853283905384573,-0.03626083661338997
0.0964181314972066,-0.3870411526150341,0.42126556394258546,2.1827350752383765,-0.05476041525607571
0.09803215518665516,-0.3871905313276186,0.42324721815968747,2.18049129641486,-0.05329956475509988
0.09589870034948904,-0.38991830492328605,0.42270853593744084,2.178299938061064,-0.055582614262502626
0.10155406942578268,-0.38688537141057994,0.42712241582529,2.1767078813551444,-0.050035928087904795
0.10651170311595982,-0.384056973759136,0.43087105455635244,2.1756113506350223,-0.04515314985895941
0.10901236732703701,-0.3827816791861356,0.43286956198027465,2.1747913870782893,-0.04270846105306401
0.11691606151535505,-0.37738635184798996,0.4382154915264885,2.174605569244072,-0.034817451847364005
0.12326356447988569,-0.37280953353591123,0.44233542406290943,2.1748861616569735,-0.028450794032746456
0.12730975428726582,-0.3696862500618818,0.4448152658613495,2.1754278706256285,-0.02436762406604136
0.13313104378940877,-0.3651215699736429,0.4483324030913608,2.1763327314832956,-0.018484563575804174
0.12709584497837725,-0.36909763510639954,0.444148033513046,2.1767280804520435,-0.02449277360766621
0.10924682944624807,-0.3820331179080302,0.43260954104152965,2.175823430270905,-0.04240354575609129
0.1275849540315283,-0.3690002590010213,0.44464708589982394,2.1762996157179697,-0.02403291401013644
0.12307521226024598,-0.3720744665014985,0.4415937160833251,2.1764132109951784,-0.02853490112119666
0.12900531541456137,-0.36765048800729916,0.44533736955470504,2.176936496528929,-0.022569075495115425
0.1167813226951878,-0.37637917773161633,0.4373425292083411,2.176546565332241,-0.03481968716098263
0.15007718687881783,-0.35206984577337924,0.45873912805337574,2.178550150023496,-0.0013870467860734315
0.1453856161053075,-0.3544901341465397,0.4550093504206578,2.180039725027332,-0.005976930644841753
0.14071843802455428,-0.3571575715098547,0.4514837129292385,2.1810636408130355,-0.010574210375316535
0.12088744116503561,-0.3712278821617982,0.43844947809200985,2.1805901718307856,-0.0304375289553322
0.12294803180259586,-0.3699551935926077,0.43993849944179536,2.180305587857203,-0.028396365647523847
0.1123028951920911,-0.37793828945990143,0.4332478559886454,2.1792928853386093,-0.03911063513945945
0.1137181856609327,-0.3774187475350787,0.43452279009221334,2.1784722758582915,-0.03775136417116126
0.11795554294325473,-0.37472269337050235,0.43752864582939144,2.1780262059143065,-0.03354445817371749
0.11507462130627155,-0.3770735220792698,0.43585332977079294,2.1774165579294023,-0.036466997875290515
0.12131889764381461,-0.37279128757585134,0.44006285669262174,2.1773044524754495,-0.030230374492634566
0.12972469687155647,-0.36666125562071555,0.44546960695652327,2.177797848087059,-0.02179089324825783
0.13619111989358992,-0.36164658453265974,0.44941627263197165,2.1787044687752544,-0.015262579101475411
0.15886778642740598,-0.34448576767228256,0.4635587296555736,2.181134908113256,0.007580003156880781
0.15139530907372856,-0.34873304033162145,0.4578972366771745,2.182815665193368,0.00022226389877980698
0.1822815458145088,-0.32512955593104603,0.4769960594073998,2.1865314583262228,0.03136216198072224
0.19445007154172625,-0.3142553520814701,0.4834003445636746,2.1907720372006008,0.043820173912762925
0.1899183934534299,-0.3154041856427924,0.4789519661164918,2.194307025678394,0.039529814374629844
0.18261755522585651,-0.31895542589141107,0.4729948193820096,2.197004300735614,0.032413107580237105
0.16977023575432656,-0.32702171581474626,0.4638045443737514,2.198547022384704,0.019671103110851178
0.17426144538343707,-0.32291987980525527,0.46610542800346033,2.2002678981611625,0.024279789577594395
0.15620279284564348,-0.33532603173719716,0.4539468361641577,2.2005536964898447,0.006240647254834187
0.15172577175244942,-0.3384743462023549,0.4509841981989208,2.2004964909862688,0.0017597209826287234
0.15149624353232474,-0.3386728155697817,0.45085867125440626,2.200428218152151,0.0015255320677386617
0.14459422069770467,-0.34378888826858467,0.4464779911417687,2.1998773088480847,-0.005414098996199444
0.12715413794823988,-0.3569113807966621,0.43554767477861195,2.198141192342482,-0.022972699013701095
0.14528756068049292,-0.34445804802983365,0.44775958544322136,2.1978468312109585,-0.004859371042368648
0.16087414222492874,-0.3331359496513756,0.4578168636240968,2.19868307449545,0.010784297269999896
0.15786512624777863,-0.3349197084303732,0.45558935217928426,2.199230356278485,0.00781264187841704
0.14868894232362376,-0.34139240557866024,0.44953119801005975,2.1990781028859936,-0.001373935741848623
0.1557682833449516,-0.33625954026007865,0.4541059668709237,2.1994410470263084,0.005730181930625716
0.13250904793978138,-0.353194419526995,0.4391258893493595,2.198123757670552,-0.017618979208156627
0.13917384895594392,-0.3489675925181898,0.4438634527185895,2.1973979802038466,-0.01100372391185623
0.16307176082361236,-0.33174969225718165,0.4593843218521888,2.198430580414359,0.012964679178848262
0.1674558781434753,-0.3279897913052227,0.46180398914938475,2.199680020242287,0.017434090419075815
0.17640070680072595,-0.32076072772780445,0.46705531804058464,2.201449639385984,0.026499723419072203
0.14891051093367175,-0.340084683262498,0.448858463906397,2.201111779892622,-0.0010135366947871711
0.12770819908943026,-0.3558668234802001,0.43544846698903156,2.19930293242134,-0.022339330842409758
0.10968024352040842,-0.3700708668737894,0.42460438476377926,2.1963813426032472,-0.04056673087601667
0.10493538124822437,-0.37507059146726135,0.4226474404313837,2.1933887032032193,-0.04551588785281069
0.09329418948072532,-0.3851836297948428,0.41631446885964596,2.1898430328394927,-0.057399127390867555
0.1101283930254182,-0.37462000005259616,0.4283609100628195,2.1878112361902904,-0.04070362590477716
0.11599827530683647,-0.3713468591407713,0.4328531820338869,2.186379460949691,-0.03493148479431651
0.10439424251311825,-0.38062751251393623,0.4259713109770118,2.184255709428804,-0.04668049703677801
0.11597366432928435,-0.3731987734466649,0.43414185354181517,2.1831446926464544,-0.03517691957778628
0.11986694907484656,-0.3709057854626628,0.43703461841033064,2.182410187981193,-0.031333776322977035
0.12755551393859316,-0.36562474734263156,0.44221187428281894,2.182286841224073,-0.023653631808613407
0.15259279564836156,-0.3472574010623534,0.4582390226557854,2.183947923868207,0.0014970449346168625
0.1544387481425778,-0.3450418008247035,0.4588079532789009,2.1855890770059414,0.00345503194043292
0.15304698588459772,-0.3452198932165675,0.457317484272101,2.1869828003051763,0.0021584132138096268
0.14561423485462502,-0.349972617989009,0.45206167941982534,2.187723689510453,-0.005223760483150365
0.14926449503549977,-0.3469033919479859,0.4541199252658222,2.1886559030469623,-0.0015098620655475017
0.14339013001081571,-0.35074695336772554,0.4500281851409941,2.1890875145871713,-0.007354762820167046
0.1418171875546277,-0.3516822526133817,0.4488657971499597,2.1893685749799787,-0.008908518485989031
0.16010889540437437,-0.3380720213119739,0.46043872306573486,2.1909196345525537,0.00948907358667516
0.15127965744934954,-0.34377160933126577,0.45423378670096864,2.191704684118057,0.0007134276025210877
0.12331571334827002,-0.36395211149051027,0.4360957271072872,2.1904380069629235,-0.027336987157547562
0.12606427720070484,-0.36258208254953633,0.4383148947738197,2.1894808872345735,-0.024653761775682913
0.10096853597731575,-0.3815497242538622,0.42264681045028374,2.186833200704613,-0.049930249262890275
0.10463009144082695,-0.3802198738578059,0.4259553999430716,2.1846849968171744,-0.04641534249374136
0.11368075942455147,-0.3746652650992416,0.43252074889265746,2.1833726490521252,-0.03745426287498575
0.1128612553958698,-0.37594539141279115,0.4324790879911746,2.1821212962684657,-0.03835919141032408
0.10536102537672132,-0.3821120136778288,0.42815058284218205,2.1804522499871637,-0.045973360091551195
0.1147175178562892,-0.3760851448938014,0.4347353630429448,2.1795972579058227,-0.03667523425901284
0.10690030170179933,-0.3822806867244172,0.4300591090723891,2.1782661704761503,-0.044583318069565135
0.10953380902973253,-0.38102857579998106,0.43222846296673767,2.1772423339937115,-0.04201970367993801
0.10793785976205564,-0.3827314726290036,0.4315853351396248,2.176198332298556,-0.04368692248238469
0.1119947427767841,-0.3802834896145014,0.4345579435379543,2.1755363508546077,-0.039675230107932974
0.11288706593688869,-0.3799680374699745,0.43537038946044143,2.1749976118900873,-0.03881968435348258
0.10429502105929449,-0.3865708517147179,0.43008352305006403,2.1738992155681154,-0.047486712060449646
0.12264517922494181,-0.3736290608363765,0.44219982698070237,2.1742000807459316,-0.0291160150995388
0.11135613263708911,-0.38178421404611457,0.4348833823497473,2.1736741203300705,-0.04044096676646512
0.1103620561782726,-0.3827872633936603,0.4344417934535212,2.1731254622706766,-0.041472497766744096
0.11050087387487756,-0.3829680497061119,0.43473168492782954,2.1726364014768245,-0.04136706616005626
0.10724679406368057,-0.3856157483011875,0.4328339446896993,2.1719612335286045,-0.044667236804006936
0.08794300178731815,-0.4001742809668795,0.4207595633922574,2.169980133740918,-0.06410627031153615
0.08768373920254255,-0.4013869060136228,0.4213208565457753,2.1681603661673674,-0.06448976065066046
0.09324973560156852,-0.3982281118485492,0.425541365839694,2.1668998656326117,-0.059009813230750205
0.08452662721687888,-0.4052996627623133,0.4204356240489363,2.1651358921599697,-0.06785334055216574
0.08769300706844262,-0.40387854779872473,0.42310393191789775,2.16375617443527,-0.0647811481297452
0.08133324510859695,-0.4092718304954416,0.41955050687060186,2.1620511790129364,-0.0712573028449066
0.07108687287549464,-0.41769397053269824,0.4136354967213366,2.159775144550492,-0.08165905023112899
0.08302018118682943,-0.41008326258570793,0.4220878000743869,2.1585507212112756,-0.06980932805757965
0.07720994306298828,-0.4149919238141799,0.41882817793975374,2.157025853803999,-0.07572366236659285
0.08206126860528663,-0.41220713039567175,0.42248430855052266,2.1559828888533232,-0.07094353557948899
0.07707004757526763,-0.41641929084807705,0.41968091480638064,2.1546810268770002,-0.07602362916639308
0.08622598954699986,-0.4103506766262932,0.42600297349813965,2.1541457101151487,-0.06690423097416669
0.07023231713837105,-0.42240036554464444,0.415990215259886,2.152526212458339,-0.08300845957925665
0.07456772384550628,-0.4200441674713292,0.4193517385784438,2.15136066117334,-0.07875262007283411
0.07825235583632809,-0.417932903979378,0.4221313219286782,2.150561790888359,-0.07512252353868638
0.0744065351218096,-0.4211759944001813,0.41996951605507576,2.149563005018303,-0.07903652709876391
0.08886819845387954,-0.411045308009809,0.4295671573690327,2.149679046658266,-0.06456694208767381
0.09115164760643196,-0.4093045184246664,0.4309821666643743,2.149946285907673,-0.062265249651874015
0.08100741801761421,-0.4166342680763149,0.4244088221938206,2.1494708301386214,-0.07244193658242683
0.09911907386189937,-0.4035467608895611,0.4361443522725638,2.1503212407960963,-0.05427222682207132
0.08458491274424729,-0.41380734179937173,0.42655486684469734,2.1500651476251624,-0.06882387033821095
0.05710787408926718,-0.4341663924051543,0.40910956451437896,2.147886248447884,-0.09644965315016686
0.06736262392495863,-0.4277412413096286,0.4164547686666013,2.1466312675227743,-0.08628057548946122
0.06618507931935044,-0.42925534838511914,0.4161635162675875,2.1454067202825104,-0.08754171470215494
0.059054857019049764,-0.43513576767010764,0.41206136203180127,2.1437882536067168,-0.09478242281074198
0.06553740857269011,-0.4311984370216915,0.4167930811725129,2.142775709250607,-0.08836899332694823
0.057129254759363465,-0.4379102512516594,0.41179741718273155,2.1412595076227734,-0.0968806517519244
0.06600561166388241,-0.43215799873249383,0.41801964271012293,2.140509491391253,-0.08805549524226608
0.053029745239159015,-0.44209689098247423,0.41001198709598374,2.138908501623656,-0.10114065440640499
0.05042379034497006,-0.44484096648389626,0.4089358830295406,2.1372681642444014,-0.10385858812449289
0.04567241665814989,-0.4491846661130027,0.4065047417695896,2.135440101034239,-0.10873475587712063
0.05789409172736891,-0.44113063415530146,0.414976773713251,2.1346434393333076,-0.09656746548675157
0.05215127118708762,-0.445769044368933,0.411603257115667,2.133512308536764,-0.10238750349665648
0.05822382189331904,-0.44188218388335077,0.41589447874115937,2.1329138586937413,-0.0963558063981484
0.05669225704322853,-0.44331828746316876,0.41513639160109117,2.1322612192119674,-0.09793192415742133
0.05533134517809969,-0.4446567152530928,0.4145071163760118,2.1315713916568133,-0.09933992760240706
0.04637307827674475,-0.45160704585172345,0.4090419100568755,2.130309673805035,-0.10838432659621011
0.04912449635310939,-0.450232357991723,0.4112610802719346,2.129357265697639,-0.10569792534818924
0.04464965060306755,-0.45401768798979997,0.4087540795503377,2.1281743184520447,-0.11025352585428164
0.04968324871842636,-0.45092236768541627,0.4124011222143002,2.1274551693189445,-0.10526902097216247
0.053817894461034785,-0.44824959452062485,0.41530419294844223,2.1270940823883815,-0.10115902508743047
0.05738798109206837,-0.44580774230003806,0.4177155332886024,2.127018595530452,-0.09759409161851507
0.0677543314850849,-0.43821558232880176,0.42436031647324135,2.127684142419387,-0.08718230717531535
0.08181566729530275,-0.4275211976984165,0.4330918416682621,2.1292852018975914,-0.0730116738659173
0.08200206304765827,-0.4265582223458825,0.43262345753488285,2.130754239722486,-0.0727249931801136
0.08796493826658164,-0.42141103645410577,0.43589077226688144,2.13251234440881,-0.06664209966375963
0.09104567876893521,-0.4182364183826473,0.43721230416159124,2.1343291719433224,-0.06343733210856628
0.08193541075147256,-0.4240058117000091,0.43073047987871066,2.1353359794951814,-0.0724788696855138
0.07389404835572966,-0.4294061156272972,0.42522812778735475,2.1356819435558663,-0.0804966146003772
0.0871049563423498,-0.4195025935011659,0.4335340467303789,2.1369321770070986,-0.06720035850864514
0.0711356832993842,-0.43061340633710454,0.42288181587088447,2.136938000572363,-0.08316923401522773
0.07529822449011236,-0.42754618654626664,0.4255367293040686,2.1372381038792794,-0.0789862060509232
0.08289100513811351,-0.42180205006796123,0.4302732873193169,2.138048737894955,-0.07133808687708221
0.0724195890061798,-0.42909239398688437,0.4232917419150981,2.1380442159880384,-0.08180981170914292
0.08593757093929345,-0.4191435887252529,0.4319222528771384,2.1389975022662067,-0.06822675298493984
0.09190337164321413,-0.41426025309095155,0.4353806437357657,2.1402868434749127,-0.06217293446259705
0.09991800566660802,-0.4076953641758664,0.4400235688555446,2.142026864635713,-0.05403951662502894
0.09801789140055409,-0.408196683065865,0.4381723358273149,2.143474484664299,-0.05584080806081129
0.09977969865690808,-0.40615312096679895,0.43876586546655433,2.144915577654768,-0.053980623544078114
0.09263589486584889,-0.41066870852515186,0.43367712451162055,2.1457200043268108,-0.061069512570597846
0.0880292128065171,-0.413644984150533,0.43044145674057993,2.1461252022415285,-0.06564853350410559
0.1014700637265144,-0.4035416412283681,0.43887242322846404,2.1474455822689262,-0.05211754587186984
0.0944333861331659,-0.40804062769925176,0.4338963482772828,2.1481478322703107,-0.05910628386516672
0.11129067406708193,-0.39526909876710903,0.4443991318535626,2.14998028634318,-0.042123902109759706
0.10765210650280815,-0.39700249082291816,0.4414042924364341,2.151388830945134,-0.04566631435759298
0.12033668031535207,-0.3869383885897237,0.4489844211359264,2.1535679872209985,-0.03283297884958124
0.11793475167643705,-0.38758262532909526,0.4466517667596678,2.155379370409898,-0.035111252102504965
0.12399569640873216,-0.38218667855350963,0.449856088722702,2.157455713947982,-0.028908564266514704
0.1299739870322652,-0.37671492098496634,0.4529104471772603,2.159767130899139,-0.02277248308220542
0.12053263128901615,-0.382472952218173,0.4460358364829433,2.161200217520274,-0.03211600813517796
0.13510341540748633,-0.37100767591628175,0.45481097496530354,2.1635352787742277,-0.017385819353162933
0.13915329366884707,-0.3668220651343815,0.45653946832726067,2.1659453686911454,-0.013171414551038482
0.13165736814415924,-0.37109709435798366,0.45087047321181384,2.1676059614357412,-0.020553978513168293
0.1308867705889377,-0.3708078959297581,0.4497693769132681,2.169061354477024,-0.021225222606808435
0.13347670365972913,-0.3681507076590682,0.45088866751081486,2.1705681666465058,-0.018532425907484502
0.14340382523022638,-0.3600657959677501,0.45667259785515646,2.172641383305851,-0.008463774688663831
0.15355925422627953,-0.3515206893055627,0.4623944710358476,2.1752457987948475,0.0018694466295369073
0.15948043362583914,-0.34581861544346587,0.4652186454410787,2.1780333444616895,0.007980919862157371
0.17329572917240038,-0.33421090977776735,0.47301464032354823,2.1815465027749843,0.02203604372239917
0.1848039561918502,-0.3239272895793001,0.47907177963138936,2.1855560616569556,0.03381798619866545
0.18437796581252325,-0.32217290986034636,0.4773289121532189,2.1891717660161736,0.033638824501205485
0.17717316815680414,-0.3256118207364868,0.4714034589739837,2.1919492376594807,0.026623632956901323
0.18451346645595493,-0.3187758202328302,0.47507000358928125,2.194994650273119,0.03417182856458845
0.1883452503083238,-0.3143843870811806,0.476398682412531,2.198035213312575,0.0382111786628207
0.18849631755104734,-0.3127049806623282,0.4753796506691836,2.200810683452143,0.03855171538908436
0.17972174266480154,-0.3177328274293246,0.4687604195375978,2.202712955760689,0.02990700049514876
0.18105536986191992,-0.31576997483291575,0.4689138377467519,2.204537136682268,0.03136515672793205
0.18900056429346906,-0.3089803544999619,0.47331622650177774,2.2067585673109544,0.039461998740311206
0.18459832782011362,-0.31107529596204325,0.46969121888583865,2.208466720515246,0.03517637058143302
0.18579703959820043,-0.30931187890171,0.46982973192234734,2.2101048345124243,0.036486909401435653
0.1726231472999295,-0.3181648449085699,0.4608195616931064,2.210661336341034,0.023351007093224848
0.1823467541238759,-0.31071988042574117,0.4668222147428031,2.211856026142398,0.033156170291759546
0.17599494213173933,-0.31477953535752884,0.46232941667162053,2.212492491505103,0.026847807064151172
0.16559986941386595,-0.3221035089374714,0.4554604986476044,2.212335005736721,0.016441983457196933
0.14647502892256764,-0.33626330833146667,0.44331042957430655,2.210837306225255,-0.0027850985944261764
0.16404388861196487,-0.32410260757107456,0.4550745004014706,2.2107197520124258,0.014775736186196887
0.1680337646932674,-0.3212261268819349,0.4576644599517364,2.2108954395944025,0.018777605711170202
0.15896030710453776,-0.32781485627485646,0.45180820159164986,2.2104125726801733,0.00967118485440818
0.15157897888795527,-0.3334975960900727,0.44727366742928293,2.20945072841367,0.0022241956346493452
0.1527770312821342,-0.3331117413331754,0.44839127539110973,2.208660978447078,0.0033683351752020474
0.15136612529721627,-0.33455768788511564,0.4477803881013131,2.207842936130075,0.0019015849366136807
0.1421344594562659,-0.34177540658457495,0.4421877015765393,2.2064452699284107,-0.007425493609787658
0.15074146873423713,-0.3361602960442326,0.44819451012341877,2.2057839611663774,0.0011363709528800356
0.1561429741600484,-0.3325251041025603,0.45188502844448225,2.2055651923523154,0.006522941971400166
0.16528880831633702,-0.32590531492853375,0.4578032912931043,2.2060140116873153,0.015699415113075866
0.17015326026286487,-0.3220929106875635,0.4607437336748847,2.2067666413022273,0.020615245870617017
0.16273549233200557,-0.3271652560306174,0.455732684656086,2.2069256479299453,0.013208332636317077
0.15205379324521928,-0.3349464809031425,0.44885596675749756,2.2063137109429323,0.002484859217943265
0.15227370578356772,-0.3351002067134636,0.44922083753460657,2.205772854355174,0.0026678497889807253
0.1457270289077791,-0.34019843438975966,0.44524035544322227,2.204817393702894,-0.0039440523072192864
0.14008753771982535,-0.3448426817437343,0.44199105346548523,2.2035491859017786,-0.00967011862591172
0.1384122164810134,-0.3467300443763974,0.44138691071835984,2.202277356970009,-0.011432262191216826
0.14924250319000562,-0.33941338691720696,0.44876672588086874,2.2018879329775958,-0.0006285597845228901
0.1506704934531622,-0.3385630342549437,0.44982111047833323,2.2016349674420668,0.0007821616039671986
0.13870959050225637,-0.3474984118406897,0.44227898226883217,2.200557827552105,-0.011252273093406682
0.13915272920639535,-0.34772774464840284,0.4429570080944016,2.1996097737351743,-0.01087385397076786
0.13755687479088002,-0.3493914860134615,0.4422861391693128,2.198634687610971,-0.012536273349585427
0.14701981093792912,-0.3429283430743456,0.44868427854858933,2.1984182492980318,-0.0030881125130368028
0.15090599732695018,-0.3401791930207224,0.45124432712307383,2.198496678268919,0.0008034278898943971
0.1655509298101299,-0.32935801081202065,0.4605637662713633,2.19960520661043,0.015524034877241232
0.17057377777344573,-0.3250887535348263,0.46336329564634215,2.2009689250442444,0.020639978073432708
0.1713500716295464,-0.32381394107346523,0.4633585286042089,2.2022639286381853,0.021504676290397505
0.1581582920260805,-0.332857037148909,0.45446281403278194,2.2025071747956755,0.008329502051238108
0.1693651252832672,-0.32448177386254834,0.4615271671258273,2.2035220706382597,0.019605617919185445
0.1674455288361062,-0.32537142474498826,0.45992951777880603,2.204308957514308,0.01773973887408562
0.1565892006219684,-0.33295736595212005,0.45271098564217527,2.204255581408174,0.006879766892128658
0.1540113654666343,-0.3348825447202944,0.45108507321059577,2.204024474055622,0.0042861550234598155
0.15484697858484178,-0.33438661168766687,0.4517032491947968,2.203873510622798,0.005111462514069662
0.17565096528656063,-0.3191498099735502,0.4650383153011899,2.2052096625071913,0.026006662611528123
0.1898325997110839,-0.30802099764650226,0.473600611698993,2.207429020268599,0.040339803116374605
0.18718280428631162,-0.3088269649264588,0.47109498968368985,2.2092594035701283,0.03781496013386194
0.18849579865960114,-0.30691637844020475,0.4712616106826039,2.211016754825714,0.03924792136714734
0.18370080401967365,-0.30953979860221986,0.46755614836493176,2.212275105925652,0.03453882897426075
0.18598300393465558,-0.3072107715288766,0.46855129235657744,2.2135809537980062,0.03691017354391864
0.1820338167734519,-0.30944442554891904,0.46555136786142753,2.214488658304216,0.033022951486264954
0.1905125863558099,-0.3027347003352018,0.4706305691591572,2.2159145307993193,0.04159905929652893
0.1824124255563673,-0.30796215138449684,0.4649369463846338,2.2166373844776603,0.03354824462119803
0.17098587599606618,-0.31600088150439,0.4573779195199663,2.2164853978824173,0.02211131957598781
0.17779479910179308,-0.31106694423216164,0.46177997626288214,2.2168294325323443,0.028943728462547023
0.17398209957825683,-0.3136961885694762,0.45922002609833845,2.216872231000486,0.02513395060427055
0.17600001403029153,-0.3121886457713803,0.46049240823152676,2.217054064308499,0.02716427804075397
0.15657506962461418,-0.32639435680780743,0.4480262929658895,2.215843651609555,0.0076567039172566916
0.16448254123433592,-0.32119762666040097,0.4535178739840634,2.2153030675750003,0.01552727217222122
0.15514900952685984,-0.3283472311954232,0.44775837563071047,2.2141504784493824,0.006115058123672169
0.15821076017512728,-0.3266878106891586,0.4501356035816572,2.2133192796302503,0.009120066383891266
0.16993682124526388,-0.31848447798870566,0.4579255633467181,2.213393961066784,0.020851225646426094
0.16872128516626564,-0.3193407659703616,0.4571222598693755,2.2133757794070434,0.019634448382200492
0.15771232309126593,-0.32745428903272383,0.45010164548891846,2.2125795477838026,0.008571130968239703
0.169839944179782,-0.3189373169676401,0.45813510257113266,2.2127144648426733,0.02070796227796974
0.1612120760642295,-0.32521905757748937,0.4525782317404044,2.2122260839109686,0.012046754476357457
0.1462853643720721,-0.33645910561800285,0.44322932122680087,2.2107248312668464,-0.002982441329748375
0.15331922687941052,-0.332055478240308,0.4482699542067545,2.209857915194072,0.003992240528664039
0.13544524882772407,-0.3456603623191173,0.43717860237527706,2.207803724871092,-0.014021968331416387
0.12841974233203962,-0.3518915924404935,0.4334476537822468,2.2054382836897086,-0.021208953392049316
0.13630168524383116,-0.3473093720693515,0.43934667320892096,2.203845629158112,-0.01343573419107134
0.1291597186768103,-0.3533882916676413,0.4353720662432797,2.2018916123226986,-0.020711093141564982
0.11907843453537519,-0.3618173388233563,0.42965379182929425,2.1994008359608186,-0.03096241194759712
0.1284274695148245,-0.3562197750103443,0.43653527179666973,2.1977981200667522,-0.021722787523929935
0.12338882918477538,-0.3607555396809653,0.43390695952329694,2.1959839205290623,-0.026885275506366862
0.1266601824140596,-0.35928305411209843,0.4366607003613549,2.1945659670967554,-0.02371071989446683
0.13490882257621506,-0.3539422170191717,0.4424461958848901,2.1938608300959115,-0.015510216414449843
0.14533437079699024,-0.3466312272379823,0.44935976004467765,2.193958031435973,-0.005078032664819541
0.1463333043038881,-0.34584573904109606,0.44996174395464567,2.1941171647000304,-0.004068235809311555
0.15253802179528128,-0.3411961190852159,0.45386398426784674,2.194701307025651,0.0021763585871447176
0.15992472311376463,-0.3354571901421173,0.458364794291587,2.195755621134688,0.00963503342972073
0.17016241897507114,-0.32737703228830195,0.4645129751862036,2.197439379370414,0.019987672277670707
0.19354814664708475,-0.30929343045063146,0.47882294209706433,2.200626685122635,0.043590983709897654
0.19810182084493144,-0.3042974016397742,0.4805603658938614,2.2038473981724853,0.048364522225425005
0.20115247790643528,-0.30039057486884235,0.4813261219992392,2.206992038596348,0.051629850450312646
0.21743630057716637,-0.28678151071338265,0.49056683308833154,2.2110047326946485,0.06818760260972336
0.2248141184597306,-0.2792808126404172,0.49380417338749377,2.2151759850839645,0.07585017407023563
0.22875934112851237,-0.27422520984773135,0.4947922371141357,2.2192483036037594,0.08007339652165253
0.2393769215729737,-0.2643088386343959,0.5000757217244716,2.2237032252819877,0.0909950954366904
0.2506915271186025,-0.2536820275712157,0.5056637722987922,2.2285554125036646,0.10264093907413045
0.24302615722501317,-0.2568222565020687,0.49899070845538107,2.2324245931330577,0.09523970159782354
0.24723968296066717,-0.2517249413048549,0.5002608545725091,2.2362412414013098,0.09971377360106222
0.2575944483227269,-0.24213390337971738,0.5054703732544579,2.2404450695902898,0.11035551635419785
0.25869446162429344,-0.23915597388742577,0.5046303208439572,2.244345499936705,0.1117217953650837
0.2628393246323971,-0.23409308678012997,0.5058451736177618,2.2481857004673547,0.11612881245299989
0.2583211228595794,-0.23543849886223467,0.5015522803081529,2.251357581079216,0.11182714140835863
0.2588873558461799,-0.2333857437152464,0.500750083623724,2.2542818614381606,0.11259300251647765
0.2590841555275943,-0.23173264569639163,0.4998029034810311,2.256954835190273,0.11297227469119313
0.26531155931086065,-0.22576978799976144,0.502797396955589,2.259826408638646,0.11939570852527025
0.2531612397734344,-0.23323309178917428,0.493988090576701,2.261576983416115,0.10736489323523947
0.2319015836984467,-0.24798031534840637,0.47977532603190104,2.261663078931892,0.08611111451511388
0.21898120024027415,-0.2574471316409791,0.4714963503968772,2.260826291522296,0.0731336071461717
0.20532019146591993,-0.267935138170735,0.46308318488236166,2.2590978765482386,0.05935460685762202
0.20397157033458824,-0.26981935981897825,0.4628564143476292,2.257430721425285,0.05789217617071948
0.18355019058032318,-0.2857122211156374,0.45043257078186505,2.2544684598937716,0.03726857546580738
0.15790391383022034,-0.3061193056521987,0.43514867316652356,2.249958515363465,0.011314424057467676
0.168850351030436,-0.3003872343809215,0.4437905657331337,2.2466329129739124,0.022033836606231934
0.14890779885727404,-0.31678297132503513,0.43228078760374444,2.2421965449481402,0.0017884325331454579
0.15376782079134046,-0.31549341061593567,0.4370105830506663,2.2385067808697294,0.0063965700486200835
0.1459052018682088,-0.3231844362276644,0.43334531244680574,2.234594831798282,-0.0017331009236830853
0.14509291336334898,-0.325800020304489,0.4342619476616294,2.2309801837143466,-0.002792146004059964
0.14227483862578022,-0.32973880953387585,0.43378917351968205,2.227493812270075,-0.005848220420939606
0.13329331132490232,-0.3381486074984509,0.42933506020085294,2.223687561643268,-0.015089584190901315
0.1124781912490961,-0.35543457619694796,0.41744463176540286,2.2187523434542835,-0.036241610535810036
0.09971074498470488,-0.3673786000793939,0.4111053997960127,2.213360528630416,-0.04937713296314855
0.10441938791004167,-0.3666932565144497,0.41608908180181525,2.208791259598805,-0.044980414500474505
0.10411588166351277,-0.3692733243320922,0.4175716294705898,2.2046149473032446,-0.04556901973713142
0.11472417094239268,-0.36361810349073576,0.42587527771876077,2.201568766275372,-0.03516868020794039
